#CODE;ENGLISH;FRENCH;GERMAN;;SPANISH;;;;;;;;;x
c_ailao;Ailao;Ailao;Ailao;;Ailao;;;;;;;;;x
c_ailao_adj;Ailian;;ailer;;;;;;;;;;;x
c_anding;Anding;Anding;Anding;;Anding;;;;;;;;;x
c_anding_adj;Andingian;;andinger;;;;;;;;;;;x
c_anfu;Anfu;Anfu;Anfu;;Anfu;;;;;;;;;x
c_anfu_adj;Anfuian;;anfuer;;;;;;;;;;;x
c_anguan;Anguan;Anguan;Anguan;;Anguan;;;;;;;;;x
c_anguan_adj;Anguanian;;anguaner;;;;;;;;;;;x
c_anping;Anping;Anping;Anping;;Anping;;;;;;;;;x
c_anping_adj;Anpingian;;anpinger;;;;;;;;;;;x
c_anshang;Anshang;Anshang;Anshang;;Anshang;;;;;;;;;x
c_anshang_adj;Anshangian;;anshanger;;;;;;;;;;;x
c_anxi;Anxi;Anxi;Anxi;;Anxi;;;;;;;;;x
c_anxi_adj;Anxian;;anxer;;;;;;;;;;;x
c_anyang;Anyang;Anyang;Anyang;;Anyang;;;;;;;;;x
c_anyang_adj;Anyangian;;anyanger;;;;;;;;;;;x
c_anyi;Anyi;Anyi;Anyi;;Anyi;;;;;;;;;x
c_anyi_adj;Anian;;aner;;;;;;;;;;;x
c_baekje;Baekje;Baekje;Baekje;;Baekje;;;;;;;;;x
c_baekje_adj;Baekjean;;baekjer;;;;;;;;;;;x
c_baidi;Baidi;Baidi;Baidi;;Baidi;;;;;;;;;x
c_baidi_adj;Baidian;;baider;;;;;;;;;;;x
c_baishui;Baishui;Baishui;Baishui;;Baishui;;;;;;;;;x
c_baishui_adj;Baishian;;baisher;;;;;;;;;;;x
c_baling;Baling;Baling;Baling;;Baling;;;;;;;;;x
c_baling_adj;Balingian;;balinger;;;;;;;;;;;x
c_baqiu;Baqiu;Baqiu;Baqiu;;Baqiu;;;;;;;;;x
c_baqiu_adj;Baqian;;baqer;;;;;;;;;;;x
c_beidi;Beidi;Beidi;Beidi;;Beidi;;;;;;;;;x
c_beidi_adj;Beidian;;beider;;;;;;;;;;;x
c_beihai;Beihai;Beihai;Beihai;;Beihai;;;;;;;;;x
c_beihai_adj;Beihian;;beiher;;;;;;;;;;;x
c_beiping;Beiping;Beiping;Beiping;;Beiping;;;;;;;;;x
c_beiping_adj;Beipingian;;beipinger;;;;;;;;;;;x
c_beipingyi;Beipingyi;Beipingyi;Beipingyi;;Beipingyi;;;;;;;;;x
c_beipingyi_adj;Beipingian;;beipinger;;;;;;;;;;;x
c_beiqiu;Beiqiu;Beiqiu;Beiqiu;;Beiqiu;;;;;;;;;x
c_beiqiu_adj;Beiqian;;beiqer;;;;;;;;;;;x
c_beishui;Beishui;Beishui;Beishui;;Beishui;;;;;;;;;x
c_beishui_adj;Beishian;;beisher;;;;;;;;;;;x
c_beixincheng;Beixincheng;Beixincheng;Beixincheng;;Beixincheng;;;;;;;;;x
c_beixincheng_adj;Beixinchengian;;beixinchenger;;;;;;;;;;;x
c_beiyuan;Beiyuan;Beiyuan;Beiyuan;;Beiyuan;;;;;;;;;x
c_beiyuan_adj;Beiyuanian;;beiyuaner;;;;;;;;;;;x
c_bian;Bian;Bian;Bian;;Bian;;;;;;;;;x
c_bian_adj;Bianian;;bianer;;;;;;;;;;;x
c_bisu;Bisu;Bisu;Bisu;;Bisu;;;;;;;;;x
c_bisu_adj;Bisian;;biser;;;;;;;;;;;x
c_bo;Bo;Bo;Bo;;Bo;;;;;;;;;x
c_bo_adj;Bian;;ber;;;;;;;;;;;x
c_bocheng;Bocheng;Bocheng;Bocheng;;Bocheng;;;;;;;;;x
c_bocheng_adj;Bochengian;;bochenger;;;;;;;;;;;x
c_bodao;Bodao;Bodao;Bodao;;Bodao;;;;;;;;;x
c_bodao_adj;Bodian;;boder;;;;;;;;;;;x
c_bohai;Bohai;Bohai;Bohai;;Bohai;;;;;;;;;x
c_bohai_adj;Bohian;;boher;;;;;;;;;;;x
c_bonan;Bonan;Bonan;Bonan;;Bonan;;;;;;;;;x
c_bonan_adj;Bonanian;;bonaner;;;;;;;;;;;x
c_bukokjeo;Bukokjeo;Bukokjeo;Bukokjeo;;Bukokjeo;;;;;;;;;x
c_bukokjeo_adj;Bukokjian;;bukokjer;;;;;;;;;;;x
c_bushan;Bushan;Bushan;Bushan;;Bushan;;;;;;;;;x
c_bushan_adj;Bushanian;;bushaner;;;;;;;;;;;x
c_buwei;Buwei;Buwei;Buwei;;Buwei;;;;;;;;;x
c_buwei_adj;Buwian;;buwer;;;;;;;;;;;x
c_buyeo;Buyeo;Buyeo;Buyeo;;Buyeo;;;;;;;;;x
c_buyeo_adj;Buian;;buer;;;;;;;;;;;x
c_byeonhan;Byeonhan;Byeonhan;Byeonhan;;Byeonhan;;;;;;;;;x
c_byeonhan_adj;Byeonhanian;;byeonhaner;;;;;;;;;;;x
c_cangwu;Cangwu;Cangwu;Cangwu;;Cangwu;;;;;;;;;x
c_cangwu_adj;Cangwian;;cangwer;;;;;;;;;;;x
c_changan;Changan;Changan;Changan;;Changan;;;;;;;;;x
c_changan_adj;Changanian;;changaner;;;;;;;;;;;x
c_changping;Changping;Changping;Changping;;Changping;;;;;;;;;x
c_changping_adj;Changpingian;;changpinger;;;;;;;;;;;x
c_changsha;Changsha;Changsha;Changsha;;Changsha;;;;;;;;;x
c_changsha_adj;Changshan;;changsher;;;;;;;;;;;x
c_changshe;Changshe;Changshe;Changshe;;Changshe;;;;;;;;;x
c_changshe_adj;Changshean;;changsher;;;;;;;;;;;x
c_changyi;Changyi;Changyi;Changyi;;Changyi;;;;;;;;;x
c_changyi_adj;Changian;;changer;;;;;;;;;;;x
c_changyuan;Changyuan;Changyuan;Changyuan;;Changyuan;;;;;;;;;x
c_changyuan_adj;Changyuanian;;changyuaner;;;;;;;;;;;x
c_chaoge;Chaoge;Chaoge;Chaoge;;Chaoge;;;;;;;;;x
c_chaoge_adj;Chaogean;;chaoger;;;;;;;;;;;x
c_chencang;Chencang;Chencang;Chencang;;Chencang;;;;;;;;;x
c_chencang_adj;Chencangian;;chencanger;;;;;;;;;;;x
c_chengdu;Chengdu;Chengdu;Chengdu;;Chengdu;;;;;;;;;x
c_chengdu_adj;Chengdian;;chengder;;;;;;;;;;;x
c_chengfu;Chengfu;Chengfu;Chengfu;;Chengfu;;;;;;;;;x
c_chengfu_adj;Chengfian;;chengfer;;;;;;;;;;;x
c_chenguo;Chenguo;Chenguo;Chenguo;;Chenguo;;;;;;;;;x
c_chenguo_adj;Chengian;;chenger;;;;;;;;;;;x
c_chengwu;Chengwu;Chengwu;Chengwu;;Chengwu;;;;;;;;;x
c_chengwu_adj;Chengwian;;chengwer;;;;;;;;;;;x
c_chenliu;Chenliu;Chenliu;Chenliu;;Chenliu;;;;;;;;;x
c_chenliu_adj;Chenlian;;chenler;;;;;;;;;;;x
c_chibi;Chibi;Chibi;Chibi;;Chibi;;;;;;;;;x
c_chibi_adj;Chibian;;chiber;;;;;;;;;;;x
c_chidi;Chidi;Chidi;Chidi;;Chidi;;;;;;;;;x
c_chidi_adj;Chidian;;chider;;;;;;;;;;;x
c_chiqiu;Chiqiu;Chiqiu;Chiqiu;;Chiqiu;;;;;;;;;x
c_chiqiu_adj;Chiqian;;chiqer;;;;;;;;;;;x
c_chonghe;Chonghe;Chonghe;Chonghe;;Chonghe;;;;;;;;;x
c_chonghe_adj;Chonghean;;chongher;;;;;;;;;;;x
c_chunyu;Chunyu;Chunyu;Chunyu;;Chunyu;;;;;;;;;x
c_chunyu_adj;Chunian;;chuner;;;;;;;;;;;x
c_cun;Cun;Cun;Cun;;Cun;;;;;;;;;x
c_cun_adj;Cunian;;cuner;;;;;;;;;;;x
c_dacheng;Dacheng;Dacheng;Dacheng;;Dacheng;;;;;;;;;x
c_dacheng_adj;Dachengian;;dachenger;;;;;;;;;;;x
c_dai;Dai;Dai;Dai;;Dai;;;;;;;;;x
c_dai_adj;Dian;;der;;;;;;;;;;;x
c_daifang;Daifang;Daifang;Daifang;;Daifang;;;;;;;;;x
c_daifang_adj;Daifangian;;daifanger;;;;;;;;;;;x
c_danyang;Danyang;Danyang;Danyang;;Danyang;;;;;;;;;x
c_danyang_adj;Danyangian;;danyanger;;;;;;;;;;;x
c_deyang;Deyang;Deyang;Deyang;;Deyang;;;;;;;;;x
c_deyang_adj;Deyangian;;deyanger;;;;;;;;;;;x
c_dianchi;Dianchi;Dianchi;Dianchi;;Dianchi;;;;;;;;;x
c_dianchi_adj;Dianchian;;diancher;;;;;;;;;;;x
c_dianjiang;Dianjiang;Dianjiang;Dianjiang;;Dianjiang;;;;;;;;;x
c_dianjiang_adj;Dianjiangian;;dianjianger;;;;;;;;;;;x
c_dingling;Dingling;Dingling;Dingling;;Dingling;;;;;;;;;x
c_dingling_adj;Dinglingian;;dinglinger;;;;;;;;;;;x
c_dingtao;Dingtao;Dingtao;Dingtao;;Dingtao;;;;;;;;;x
c_dingtao_adj;Dingtian;;dingter;;;;;;;;;;;x
c_dingxiang;Dingxiang;Dingxiang;Dingxiang;;Dingxiang;;;;;;;;;x
c_dingxiang_adj;Dingxiangian;;dingxianger;;;;;;;;;;;x
c_dingxiangyun;Dingxiangyun;Dingxiangyun;Dingxiangyun;;Dingxiangyun;;;;;;;;;x
c_dingxiangyun_adj;Dingxiangyunian;;dingxiangyuner;;;;;;;;;;;x
c_dongbuyeo;Dongbuyeo;Dongbuyeo;Dongbuyeo;;Dongbuyeo;;;;;;;;;x
c_dongbuyeo_adj;Dongbuian;;dongbuer;;;;;;;;;;;x
c_donghai;Donghai;Donghai;Donghai;;Donghai;;;;;;;;;x
c_donghai_adj;Donghian;;dongher;;;;;;;;;;;x
c_donglai;Donglai;Donglai;Donglai;;Donglai;;;;;;;;;x
c_donglai_adj;Donglian;;dongler;;;;;;;;;;;x
c_dongpingling;Dongpingling;Dongpingling;Dongpingling;;Dongpingling;;;;;;;;;x
c_dongpingling_adj;Dongpinglingian;;dongpinglinger;;;;;;;;;;;x
c_dongwucheng;Dongwucheng;Dongwucheng;Dongwucheng;;Dongwucheng;;;;;;;;;x
c_dongwucheng_adj;Dongwuchengian;;dongwuchenger;;;;;;;;;;;x
c_dongwuyang;Dongwuyang;Dongwuyang;Dongwuyang;;Dongwuyang;;;;;;;;;x
c_dongwuyang_adj;Dongwuyangian;;dongwuyanger;;;;;;;;;;;x
c_dongye;Dongye;Dongye;Dongye;;Dongye;;;;;;;;;x
c_dongye_adj;Dongyean;;donger;;;;;;;;;;;x
c_dongyuan;Dongyuan;Dongyuan;Dongyuan;;Dongyuan;;;;;;;;;x
c_dongyuan_adj;Dongyuanian;;dongyuaner;;;;;;;;;;;x
c_duchang;Duchang;Duchang;Duchang;;Duchang;;;;;;;;;x
c_duchang_adj;Duchangian;;duchanger;;;;;;;;;;;x
c_duling;Duling;Duling;Duling;;Duling;;;;;;;;;x
c_duling_adj;Dulingian;;dulinger;;;;;;;;;;;x
c_dunhuang;Dunhuang;Dunhuang;Dunhuang;;Dunhuang;;;;;;;;;x
c_dunhuang_adj;Dunhuangian;;dunhuanger;;;;;;;;;;;x
c_dunqiu;Dunqiu;Dunqiu;Dunqiu;;Dunqiu;;;;;;;;;x
c_dunqiu_adj;Dunqian;;dunqer;;;;;;;;;;;x
c_fangyu;Fangyu;Fangyu;Fangyu;;Fangyu;;;;;;;;;x
c_fangyu_adj;Fangian;;fanger;;;;;;;;;;;x
c_fangzi;Fangzi;Fangzi;Fangzi;;Fangzi;;;;;;;;;x
c_fangzi_adj;Fangzian;;fangzer;;;;;;;;;;;x
c_fanjing;Fanjing;Fanjing;Fanjing;;Fanjing;;;;;;;;;x
c_fanjing_adj;Fanjingian;;fanjinger;;;;;;;;;;;x
c_fanshu;Fanshu;Fanshu;Fanshu;;Fanshu;;;;;;;;;x
c_fanshu_adj;Fanshian;;fansher;;;;;;;;;;;x
c_fanshui;Fanshui;Fanshui;Fanshui;;Fanshui;;;;;;;;;x
c_fanshui_adj;Fanshian;;fansher;;;;;;;;;;;x
c_fanyan;Fanyan;Fanyan;Fanyan;;Fanyan;;;;;;;;;x
c_fanyan_adj;Fanyanian;;fanyaner;;;;;;;;;;;x
c_fanyang;Fanyang;Fanyang;Fanyang;;Fanyang;;;;;;;;;x
c_fanyang_adj;Fanyangian;;fanyanger;;;;;;;;;;;x
c_fanyangji;Fanyangji;Fanyangji;Fanyangji;;Fanyangji;;;;;;;;;x
c_fanyangji_adj;Fanyangjian;;fanyangjer;;;;;;;;;;;x
c_fei;Fei;Fei;Fei;;Fei;;;;;;;;;x
c_fei_adj;Fian;;fer;;;;;;;;;;;x
c_feng;Feng;Feng;Feng;;Feng;;;;;;;;;x
c_feng_adj;Fengian;;fenger;;;;;;;;;;;x
c_fucheng;Fucheng;Fucheng;Fucheng;;Fucheng;;;;;;;;;x
c_fucheng_adj;Fuchengian;;fuchenger;;;;;;;;;;;x
c_fuchun;Fuchun;Fuchun;Fuchun;;Fuchun;;;;;;;;;x
c_fuchun_adj;Fuchunian;;fuchuner;;;;;;;;;;;x
c_fushi;Fushi;Fushi;Fushi;;Fushi;;;;;;;;;x
c_fushi_adj;Fushian;;fusher;;;;;;;;;;;x
c_fuyang;Fuyang;Fuyang;Fuyang;;Fuyang;;;;;;;;;x
c_fuyang_adj;Fuyangian;;fuyanger;;;;;;;;;;;x
c_fuyangsi;Fuyangsi;Fuyangsi;Fuyangsi;;Fuyangsi;;;;;;;;;x
c_fuyangsi_adj;Fuyangsian;;fuyangser;;;;;;;;;;;x
c_ganling;Ganling;Ganling;Ganling;;Ganling;;;;;;;;;x
c_ganling_adj;Ganlingian;;ganlinger;;;;;;;;;;;x
c_gaocheng;Gaocheng;Gaocheng;Gaocheng;;Gaocheng;;;;;;;;;x
c_gaocheng_adj;Gaochengian;;gaochenger;;;;;;;;;;;x
c_gaodou;Gaodou;Gaodou;Gaodou;;Gaodou;;;;;;;;;x
c_gaodou_adj;Gaodian;;gaoder;;;;;;;;;;;x
c_gaolang;Gaolang;Gaolang;Gaolang;;Gaolang;;;;;;;;;x
c_gaolang_adj;Gaolangian;;gaolanger;;;;;;;;;;;x
c_gaoping;Gaoping;Gaoping;Gaoping;;Gaoping;;;;;;;;;x
c_gaoping_adj;Gaopingian;;gaopinger;;;;;;;;;;;x
c_gaoyang;Gaoyang;Gaoyang;Gaoyang;;Gaoyang;;;;;;;;;x
c_gaoyang_adj;Gaoyangian;;gaoyanger;;;;;;;;;;;x
c_gexiang;Gexiang;Gexiang;Gexiang;;Gexiang;;;;;;;;;x
c_gexiang_adj;Gexiangian;;gexianger;;;;;;;;;;;x
c_goguryeo;Goguryeo;Goguryeo;Goguryeo;;Goguryeo;;;;;;;;;x
c_goguryeo_adj;Gogurian;;gogurer;;;;;;;;;;;x
c_gongan;Gongan;Gongan;Gongan;;Gongan;;;;;;;;;x
c_gongan_adj;Gonganian;;gonganer;;;;;;;;;;;x
c_guan;Guan;Guan;Guan;;Guan;;;;;;;;;x
c_guan_adj;Guanian;;guaner;;;;;;;;;;;x
c_guanghan;Guanghan;Guanghan;Guanghan;;Guanghan;;;;;;;;;x
c_guanghan_adj;Guanghanian;;guanghaner;;;;;;;;;;;x
c_guangping;Guangping;Guangping;Guangping;;Guangping;;;;;;;;;x
c_guangping_adj;Guangpingian;;guangpinger;;;;;;;;;;;x
c_guangqi;Guangqi;Guangqi;Guangqi;;Guangqi;;;;;;;;;x
c_guangqi_adj;Guangqian;;guangqer;;;;;;;;;;;x
c_guangwu;Guangwu;Guangwu;Guangwu;;Guangwu;;;;;;;;;x
c_guangwu_adj;Guangwian;;guangwer;;;;;;;;;;;x
c_guangyang;Guangyang;Guangyang;Guangyang;;Guangyang;;;;;;;;;x
c_guangyang_adj;Guangyangian;;guangyanger;;;;;;;;;;;x
c_guangzong;Guangzong;Guangzong;Guangzong;;Guangzong;;;;;;;;;x
c_guangzong_adj;Guangzongian;;guangzonger;;;;;;;;;;;x
c_guiling;Guiling;Guiling;Guiling;;Guiling;;;;;;;;;x
c_guiling_adj;Guilingian;;guilinger;;;;;;;;;;;x
c_guiyang;Guiyang;Guiyang;Guiyang;;Guiyang;;;;;;;;;x
c_guiyang_adj;Guiyangian;;guiyanger;;;;;;;;;;;x
c_haiyang;Haiyang;Haiyang;Haiyang;;Haiyang;;;;;;;;;x
c_haiyang_adj;Haiyangian;;haiyanger;;;;;;;;;;;x
c_handan;Handan;Handan;Handan;;Handan;;;;;;;;;x
c_handan_adj;Handanian;;handaner;;;;;;;;;;;x
c_hanguguan;Hanguguan;Hanguguan;Hanguguan;;Hanguguan;;;;;;;;;x
c_hanguguan_adj;Hanguguanian;;hanguguaner;;;;;;;;;;;x
c_hanshou;Hanshou;Hanshou;Hanshou;;Hanshou;;;;;;;;;x
c_hanshou_adj;Hanshian;;hansher;;;;;;;;;;;x
c_hanzhong;Hanzhong;Hanzhong;Hanzhong;;Hanzhong;;;;;;;;;x
c_hanzhong_adj;Hanzhongian;;hanzhonger;;;;;;;;;;;x
c_hefei;Hefei;Hefei;Hefei;;Hefei;;;;;;;;;x
c_hefei_adj;Hefian;;hefer;;;;;;;;;;;x
c_hejian;Hejian;Hejian;Hejian;;Hejian;;;;;;;;;x
c_hejian_adj;Hejianian;;hejianer;;;;;;;;;;;x
c_henan;Henan;Henan;Henan;;Henan;;;;;;;;;x
c_henan_adj;Henanian;;henaner;;;;;;;;;;;x
c_hengyang;Hengyang;Hengyang;Hengyang;;Hengyang;;;;;;;;;x
c_hengyang_adj;Hengyangian;;hengyanger;;;;;;;;;;;x
c_hepu;Hepu;Hepu;Hepu;;Hepu;;;;;;;;;x
c_hepu_adj;Hepian;;heper;;;;;;;;;;;x
c_hongnong;Hongnong;Hongnong;Hongnong;;Hongnong;;;;;;;;;x
c_hongnong_adj;Hongnongian;;hongnonger;;;;;;;;;;;x
c_huai;Huai;Huai;Huai;;Huai;;;;;;;;;x
c_huai_adj;Hian;;her;;;;;;;;;;;x
c_huiwu;Huiwu;Huiwu;Huiwu;;Huiwu;;;;;;;;;x
c_huiwu_adj;Huiwian;;huiwer;;;;;;;;;;;x
c_hulao;Hulao;Hulao;Hulao;;Hulao;;;;;;;;;x
c_hulao_adj;Hulian;;huler;;;;;;;;;;;x
c_ji;Ji;Ji;Ji;;Ji;;;;;;;;;x
c_ji_adj;Jian;;jer;;;;;;;;;;;x
c_jiangdu;Jiangdu;Jiangdu;Jiangdu;;Jiangdu;;;;;;;;;x
c_jiangdu_adj;Jiangdian;;jiangder;;;;;;;;;;;x
c_jiangling;Jiangling;Jiangling;Jiangling;;Jiangling;;;;;;;;;x
c_jiangling_adj;Jianglingian;;jianglinger;;;;;;;;;;;x
c_jiangyuan;Jiangyuan;Jiangyuan;Jiangyuan;;Jiangyuan;;;;;;;;;x
c_jiangyuan_adj;Jiangyuanian;;jiangyuaner;;;;;;;;;;;x
c_jiangzhou;Jiangzhou;Jiangzhou;Jiangzhou;;Jiangzhou;;;;;;;;;x
c_jiangzhou_adj;Jiangzhian;;jiangzher;;;;;;;;;;;x
c_jianning;Jianning;Jianning;Jianning;;Jianning;;;;;;;;;x
c_jianning_adj;Jianningian;;jianninger;;;;;;;;;;;x
c_jianye;Jianye;Jianye;Jianye;;Jianye;;;;;;;;;x
c_jianye_adj;Jianyean;;jianer;;;;;;;;;;;x
c_jiaxing;Jiaxing;Jiaxing;Jiaxing;;Jiaxing;;;;;;;;;x
c_jiaxing_adj;Jiaxingian;;jiaxinger;;;;;;;;;;;x
c_jibei;Jibei;Jibei;Jibei;;Jibei;;;;;;;;;x
c_jibei_adj;Jibian;;jiber;;;;;;;;;;;x
c_jiexu;Jiexu;Jiexu;Jiexu;;Jiexu;;;;;;;;;x
c_jiexu_adj;Jiexian;;jiexer;;;;;;;;;;;x
c_jinan;Jinan;Jinan;Jinan;;Jinan;;;;;;;;;x
c_jinan_adj;Jinanian;;jinaner;;;;;;;;;;;x
c_jincheng;Jincheng;Jincheng;Jincheng;;Jincheng;;;;;;;;;x
c_jincheng_adj;Jinchengian;;jinchenger;;;;;;;;;;;x
c_jingling;Jingling;Jingling;Jingling;;Jingling;;;;;;;;;x
c_jingling_adj;Jinglingian;;jinglinger;;;;;;;;;;;x
c_jingxian;Jingxian;Jingxian;Jingxian;;Jingxian;;;;;;;;;x
c_jingxian_adj;Jingxianian;;jingxianer;;;;;;;;;;;x
c_jinhan;Jinhan;Jinhan;Jinhan;;Jinhan;;;;;;;;;x
c_jinhan_adj;Jinhanian;;jinhaner;;;;;;;;;;;x
c_jinyang;Jinyang;Jinyang;Jinyang;;Jinyang;;;;;;;;;x
c_jinyang_adj;Jinyangian;;jinyanger;;;;;;;;;;;x
c_jiqiu;Jiqiu;Jiqiu;Jiqiu;;Jiqiu;;;;;;;;;x
c_jiqiu_adj;Jiqian;;jiqer;;;;;;;;;;;x
c_jiumen;Jiumen;Jiumen;Jiumen;;Jiumen;;;;;;;;;x
c_jiumen_adj;Jiumenian;;jiumener;;;;;;;;;;;x
c_jiuquan;Jiuquan;Jiuquan;Jiuquan;;Jiuquan;;;;;;;;;x
c_jiuquan_adj;Jiuquanian;;jiuquaner;;;;;;;;;;;x
c_jiuyuan;Jiuyuan;Jiuyuan;Jiuyuan;;Jiuyuan;;;;;;;;;x
c_jiuyuan_adj;Jiuyuanian;;jiuyuaner;;;;;;;;;;;x
c_jiyu;Jiyu;Jiyu;Jiyu;;Jiyu;;;;;;;;;x
c_jiyu_adj;Jian;;jer;;;;;;;;;;;x
c_ju;Ju;Ju;Ju;;Ju;;;;;;;;;x
c_ju_adj;Jian;;jer;;;;;;;;;;;x
c_juancheng;Juancheng;Juancheng;Juancheng;;Juancheng;;;;;;;;;x
c_juancheng_adj;Juanchengian;;juanchenger;;;;;;;;;;;x
c_juchao;Juchao;Juchao;Juchao;;Juchao;;;;;;;;;x
c_juchao_adj;Juchian;;jucher;;;;;;;;;;;x
c_julu;Julu;Julu;Julu;;Julu;;;;;;;;;x
c_julu_adj;Julian;;juler;;;;;;;;;;;x
c_jundu;Jundu;Jundu;Jundu;;Jundu;;;;;;;;;x
c_jundu_adj;Jundian;;junder;;;;;;;;;;;x
c_juyan;Juyan;Juyan;Juyan;;Juyan;;;;;;;;;x
c_juyan_adj;Juyanian;;Juyaner;;;;;;;;;;;x
c_xijun;Xijun;Xijun;Xijun;;Xijun;;;;;;;;;x
c_xijun_adj;Xijunian;;Xijuner;;;;;;;;;;;x
c_kezui;Kezui;Kezui;Kezui;;Kezui;;;;;;;;;x
c_kezui_adj;Kezian;;kezer;;;;;;;;;;;x
c_ku;Ku;Ku;Ku;;Ku;;;;;;;;;x
c_ku_adj;Kian;;ker;;;;;;;;;;;x
c_kuaiji;Kuaiji;Kuaiji;Kuaiji;;Kuaiji;;;;;;;;;x
c_kuaiji_adj;Kuaijian;;kuaijer;;;;;;;;;;;x
c_langye;Langye;Langye;Langye;;Langye;;;;;;;;;x
c_langye_adj;Langyean;;langer;;;;;;;;;;;x
c_langzhong;Langzhong;Langzhong;Langzhong;;Langzhong;;;;;;;;;x
c_langzhong_adj;Langzhongian;;langzhonger;;;;;;;;;;;x
c_lanling;Lanling;Lanling;Lanling;;Lanling;;;;;;;;;x
c_lanling_adj;Lanlingian;;lanlinger;;;;;;;;;;;x
c_lantian;Lantian;Lantian;Lantian;;Lantian;;;;;;;;;x
c_lantian_adj;Lantianian;;lantianer;;;;;;;;;;;x
c_lean;Lean;Lean;Lean;;Lean;;;;;;;;;x
c_lean_adj;Leanian;;leaner;;;;;;;;;;;x
c_leilou;Leilou;Leilou;Leilou;;Leilou;;;;;;;;;x
c_leilou_adj;Leilian;;leiler;;;;;;;;;;;x
c_leiyang;Leiyang;Leiyang;Leiyang;;Leiyang;;;;;;;;;x
c_leiyang_adj;Leiyangian;;leiyanger;;;;;;;;;;;x
c_lelang;Lelang;Lelang;Lelang;;Lelang;;;;;;;;;x
c_lelang_adj;Lelangian;;lelanger;;;;;;;;;;;x
c_liangfu;Liangfu;Liangfu;Liangfu;;Liangfu;;;;;;;;;x
c_liangfu_adj;Liangfian;;liangfer;;;;;;;;;;;x
c_liangguo;Liangguo;Liangguo;Liangguo;;Liangguo;;;;;;;;;x
c_liangguo_adj;Lianggian;;liangger;;;;;;;;;;;x
c_lianju;Lianju;Lianju;Lianju;;Lianju;;;;;;;;;x
c_lianju_adj;Lianjian;;lianjer;;;;;;;;;;;x
c_liaosui;Liaosui;Liaosui;Liaosui;;Liaosui;;;;;;;;;x
c_liaosui_adj;Liaosian;;liaoser;;;;;;;;;;;x
c_liaoyong;Liaoyong;Liaoyong;Liaoyong;;Liaoyong;;;;;;;;;x
c_liaoyong_adj;Liaoyongian;;liaoyonger;;;;;;;;;;;x
c_licheng;Licheng;Licheng;Licheng;;Licheng;;;;;;;;;x
c_licheng_adj;Lichengian;;lichenger;;;;;;;;;;;x
c_linchuang;Linchuang;Linchuang;Linchuang;;Linchuang;;;;;;;;;x
c_linchuang_adj;Linchuangian;;linchuanger;;;;;;;;;;;x
c_lingling;Lingling;Lingling;Lingling;;Lingling;;;;;;;;;x
c_lingling_adj;Linglingian;;linglinger;;;;;;;;;;;x
c_lingzhi;Lingzhi;Lingzhi;Lingzhi;;Lingzhi;;;;;;;;;x
c_lingzhi_adj;Lingzhian;;lingzher;;;;;;;;;;;x
c_linjiang;Linjiang;Linjiang;Linjiang;;Linjiang;;;;;;;;;x
c_linjiang_adj;Linjiangian;;linjianger;;;;;;;;;;;x
c_linqiang;Linqiang;Linqiang;Linqiang;;Linqiang;;;;;;;;;x
c_linqiang_adj;Linqiangian;;linqianger;;;;;;;;;;;x
c_linqiong;Linqiong;Linqiong;Linqiong;;Linqiong;;;;;;;;;x
c_linqiong_adj;Linqiongian;;linqionger;;;;;;;;;;;x
c_linqiu;Linqiu;Linqiu;Linqiu;;Linqiu;;;;;;;;;x
c_linqiu_adj;Linqian;;linqer;;;;;;;;;;;x
c_lintao;Lintao;Lintao;Lintao;;Lintao;;;;;;;;;x
c_lintao_adj;Lintian;;linter;;;;;;;;;;;x
c_linyu;Linyu;Linyu;Linyu;;Linyu;;;;;;;;;x
c_linyu_adj;Linian;;liner;;;;;;;;;;;x
c_liyang;Liyang;Liyang;Liyang;;Liyang;;;;;;;;;x
c_liyang_adj;Liyangian;;liyanger;;;;;;;;;;;x
c_longbian;Longbian;Longbian;Longbian;;Longbian;;;;;;;;;x
c_longbian_adj;Longbianian;;longbianer;;;;;;;;;;;x
c_longyou;Longyou;Longyou;Longyou;;Longyou;;;;;;;;;x
c_longyou_adj;Longian;;longer;;;;;;;;;;;x
c_lu;Lu;Lu;Lu;;Lu;;;;;;;;;x
c_lu_adj;Lian;;ler;;;;;;;;;;;x
c_luancheng;Luancheng;Luancheng;Luancheng;;Luancheng;;;;;;;;;x
c_luancheng_adj;Luanchengian;;luanchenger;;;;;;;;;;;x
c_luguo;Luguo;Luguo;Luguo;;Luguo;;;;;;;;;x
c_luguo_adj;Lugian;;luger;;;;;;;;;;;x
c_lujiang;Lujiang;Lujiang;Lujiang;;Lujiang;;;;;;;;;x
c_lujiang_adj;Lujiangian;;lujianger;;;;;;;;;;;x
c_luling;Luling;Luling;Luling;;Luling;;;;;;;;;x
c_luling_adj;Lulingian;;lulinger;;;;;;;;;;;x
c_lunshi;Lunshi;Lunshi;Lunshi;;Lunshi;;;;;;;;;x
c_lunshi_adj;Lunshian;;lunsher;;;;;;;;;;;x
c_luoluo;Luoluo;Luoluo;Luoluo;;Luoluo;;;;;;;;;x
c_luoluo_adj;Luolian;;luoler;;;;;;;;;;;x
c_lushi;Lushi;Lushi;Lushi;;Lushi;;;;;;;;;x
c_lushi_adj;Lushian;;lusher;;;;;;;;;;;x
c_luyang;Luyang;Luyang;Luyang;;Luyang;;;;;;;;;x
c_luyang_adj;Luyangian;;luyanger;;;;;;;;;;;x
c_mahan;Mahan;Mahan;Mahan;;Mahan;;;;;;;;;x
c_mahan_adj;Mahanian;;mahaner;;;;;;;;;;;x
c_mao;Mao;Mao;Mao;;Mao;;;;;;;;;x
c_mao_adj;Mian;;mer;;;;;;;;;;;x
c_mayi;Mayi;Mayi;Mayi;;Mayi;;;;;;;;;x
c_mayi_adj;Maian;;maer;;;;;;;;;;;x
c_meiji;Meiji;Meiji;Meiji;;Meiji;;;;;;;;;x
c_meiji_adj;Meijian;;meijer;;;;;;;;;;;x
c_mianzhu;Mianzhu;Mianzhu;Mianzhu;;Mianzhu;;;;;;;;;x
c_mianzhu_adj;Mianzhian;;mianzher;;;;;;;;;;;x
c_mijia;Mijia;Mijia;Mijia;;Mijia;;;;;;;;;x
c_mijia_adj;Mijian;;mijer;;;;;;;;;;;x
c_miling;Miling;Miling;Miling;;Miling;;;;;;;;;x
c_miling_adj;Milingian;;milinger;;;;;;;;;;;x
c_murong;Murong;Murong;Murong;;Murong;;;;;;;;;x
c_murong_adj;Murongian;;muronger;;;;;;;;;;;x
c_namye;Namye;Namye;Namye;;Namye;;;;;;;;;x
c_namye_adj;Namyean;;namer;;;;;;;;;;;x
c_nanan;Nanan;Nanan;Nanan;;Nanan;;;;;;;;;x
c_nanan_adj;Nananian;;nananer;;;;;;;;;;;x
c_nanchang;Nanchang;Nanchang;Nanchang;;Nanchang;;;;;;;;;x
c_nanchang_adj;Nanchangian;;nanchanger;;;;;;;;;;;x
c_nanchangzhu;Nanchangzhu;Nanchangzhu;Nanchangzhu;;Nanchangzhu;;;;;;;;;x
c_nanchangzhu_adj;Nanchangzhian;;nanchangzher;;;;;;;;;;;x
c_nanfu;Nanfu;Nanfu;Nanfu;;Nanfu;;;;;;;;;x
c_nanfu_adj;Nanfian;;nanfer;;;;;;;;;;;x
c_nangong;Nangong;Nangong;Nangong;;Nangong;;;;;;;;;x
c_nangong_adj;Nangongian;;nangonger;;;;;;;;;;;x
c_nanhe;Nanhe;Nanhe;Nanhe;;Nanhe;;;;;;;;;x
c_nanhe_adj;Nanhean;;nanher;;;;;;;;;;;x
c_nankang;Nankang;Nankang;Nankang;;Nankang;;;;;;;;;x
c_nankang_adj;Nankangian;;nankanger;;;;;;;;;;;x
c_nanpi;Nanpi;Nanpi;Nanpi;;Nanpi;;;;;;;;;x
c_nanpi_adj;Nanpian;;nanper;;;;;;;;;;;x
c_nanpingyang;Nanpingyang;Nanpingyang;Nanpingyang;;Nanpingyang;;;;;;;;;x
c_nanpingyang_adj;Nanpingyangian;;nanpingyanger;;;;;;;;;;;x
c_nanwuyang;Nanwuyang;Nanwuyang;Nanwuyang;;Nanwuyang;;;;;;;;;x
c_nanwuyang_adj;Nanwuyangian;;nanwuyanger;;;;;;;;;;;x
c_nanxinshi;Nanxinshi;Nanxinshi;Nanxinshi;;Nanxinshi;;;;;;;;;x
c_nanxinshi_adj;Nanxinshian;;nanxinsher;;;;;;;;;;;x
c_ningling;Ningling;Ningling;Ningling;;Ningling;;;;;;;;;x
c_ningling_adj;Ninglingian;;ninglinger;;;;;;;;;;;x
c_okjeo;Okjeo;Okjeo;Okjeo;;Okjeo;;;;;;;;;x
c_okjeo_adj;Okjian;;okjer;;;;;;;;;;;x
c_panyu;Panyu;Panyu;Panyu;;Panyu;;;;;;;;;x
c_panyu_adj;Panian;;paner;;;;;;;;;;;x
c_peifeng;Peifeng;Peifeng;Peifeng;;Peifeng;;;;;;;;;x
c_peifeng_adj;Peifengian;;peifenger;;;;;;;;;;;x
c_peiguo;Peiguo;Peiguo;Peiguo;;Peiguo;;;;;;;;;x
c_peiguo_adj;Peigian;;peiger;;;;;;;;;;;x
c_pengcheng;Pengcheng;Pengcheng;Pengcheng;;Pengcheng;;;;;;;;;x
c_pengcheng_adj;Pengchengian;;pengchenger;;;;;;;;;;;x
c_pi;Pi;Pi;Pi;;Pi;;;;;;;;;x
c_pi_adj;Pian;;per;;;;;;;;;;;x
c_pingchang;Pingchang;Pingchang;Pingchang;;Pingchang;;;;;;;;;x
c_pingchang_adj;Pingchangian;;pingchanger;;;;;;;;;;;x
c_pingcheng;Pingcheng;Pingcheng;Pingcheng;;Pingcheng;;;;;;;;;x
c_pingcheng_adj;Pingchengian;;pingchenger;;;;;;;;;;;x
c_pingqiu;Pingqiu;Pingqiu;Pingqiu;;Pingqiu;;;;;;;;;x
c_pingqiu_adj;Pingqian;;pingqer;;;;;;;;;;;x
c_pingshou;Pingshou;Pingshou;Pingshou;;Pingshou;;;;;;;;;x
c_pingshou_adj;Pingshian;;pingsher;;;;;;;;;;;x
c_pingshu;Pingshu;Pingshu;Pingshu;;Pingshu;;;;;;;;;x
c_pingshu_adj;Pingshian;;pingsher;;;;;;;;;;;x
c_pingyu;Pingyu;Pingyu;Pingyu;;Pingyu;;;;;;;;;x
c_pingyu_adj;Pingian;;pinger;;;;;;;;;;;x
c_pingyuan;Pingyuan;Pingyuan;Pingyuan;;Pingyuan;;;;;;;;;x
c_pingyuan_adj;Pingyuanian;;pingyuaner;;;;;;;;;;;x
c_pishi;Pishi;Pishi;Pishi;;Pishi;;;;;;;;;x
c_pishi_adj;Pishian;;pisher;;;;;;;;;;;x
c_poyang;Poyang;Poyang;Poyang;;Poyang;;;;;;;;;x
c_poyang_adj;Poyangian;;poyanger;;;;;;;;;;;x
c_puwu;Puwu;Puwu;Puwu;;Puwu;;;;;;;;;x
c_puwu_adj;Puwian;;puwer;;;;;;;;;;;x
c_puyang;Puyang;Puyang;Puyang;;Puyang;;;;;;;;;x
c_puyang_adj;Puyangian;;puyanger;;;;;;;;;;;x
c_qi;Qi;Qi;Qi;;Qi;;;;;;;;;x
c_qi_adj;Qian;;qer;;;;;;;;;;;x
c_qiantang;Qiantang;Qiantang;Qiantang;;Qiantang;;;;;;;;;x
c_qiantang_adj;Qiantangian;;qiantanger;;;;;;;;;;;x
c_qiao;Qiao;Qiao;Qiao;;Qiao;;;;;;;;;x
c_qiao_adj;Qian;;qer;;;;;;;;;;;x
c_qielan;Qielan;Qielan;Qielan;;Qielan;;;;;;;;;x
c_qielan_adj;Qielanian;;qielaner;;;;;;;;;;;x
c_qiguan;Qiguan;Qiguan;Qiguan;;Qiguan;;;;;;;;;x
c_qiguan_adj;Qiguanian;;qiguaner;;;;;;;;;;;x
c_qingcheng;Qingcheng;Qingcheng;Qingcheng;;Qingcheng;;;;;;;;;x
c_qingcheng_adj;Qingchengian;;qingchenger;;;;;;;;;;;x
c_qinghaidong;Qinghaidong;Qinghaidong;Qinghaidong;;Qinghaidong;;;;;;;;;x
c_qinghaidong_adj;Qinghaidongian;;qinghaidonger;;;;;;;;;;;x
c_qinghaixi;Qinghaixi;Qinghaixi;Qinghaixi;;Qinghaixi;;;;;;;;;x
c_qinghaixi_adj;Qinghaixian;;qinghaixer;;;;;;;;;;;x
c_qinghe;Qinghe;Qinghe;Qinghe;;Qinghe;;;;;;;;;x
c_qinghe_adj;Qinghean;;qingher;;;;;;;;;;;x
c_qingyuan;Qingyuan;Qingyuan;Qingyuan;;Qingyuan;;;;;;;;;x
c_qingyuan_adj;Qingyuanian;;qingyuaner;;;;;;;;;;;x
c_qiongdu;Qiongdu;Qiongdu;Qiongdu;;Qiongdu;;;;;;;;;x
c_qiongdu_adj;Qiongdian;;qiongder;;;;;;;;;;;x
c_qipei;Qipei;Qipei;Qipei;;Qipei;;;;;;;;;x
c_qipei_adj;Qipian;;qiper;;;;;;;;;;;x
c_qiu;Qiu;Qiu;Qiu;;Qiu;;;;;;;;;x
c_qiu_adj;Qian;;qer;;;;;;;;;;;x
c_qu;Qu;Qu;Qu;;Qu;;;;;;;;;x
c_qu_adj;Qian;;qer;;;;;;;;;;;x
c_queji;Queji;Queji;Queji;;Queji;;;;;;;;;x
c_queji_adj;Quejian;;quejer;;;;;;;;;;;x
c_queju;Queju;Queju;Queju;;Queju;;;;;;;;;x
c_queju_adj;Quejian;;quejer;;;;;;;;;;;x
c_quyang;Quyang;Quyang;Quyang;;Quyang;;;;;;;;;x
c_quyang_adj;Quyangian;;quyanger;;;;;;;;;;;x
c_rencheng;Rencheng;Rencheng;Rencheng;;Rencheng;;;;;;;;;x
c_rencheng_adj;Renchengian;;renchenger;;;;;;;;;;;x
c_ruo;Ruo;Ruo;Ruo;;Ruo;;;;;;;;;x
c_ruo_adj;Rian;;rer;;;;;;;;;;;x
c_sanfeng;Sanfeng;Sanfeng;Sanfeng;;Sanfeng;;;;;;;;;x
c_sanfeng_adj;Sanfengian;;sanfenger;;;;;;;;;;;x
c_sanggan;Sanggan;Sanggan;Sanggan;;Sanggan;;;;;;;;;x
c_sanggan_adj;Sangganian;;sangganer;;;;;;;;;;;x
c_sha;Sha;Sha;Sha;;Sha;;;;;;;;;x
c_sha_adj;Shan;;sher;;;;;;;;;;;x
c_shaling;Shaling;Shaling;Shaling;;Shaling;;;;;;;;;x
c_shaling_adj;Shalingian;;shalinger;;;;;;;;;;;x
c_shang;Shang;Shang;Shang;;Shang;;;;;;;;;x
c_shang_adj;Shangian;;shanger;;;;;;;;;;;x
c_shangdang;Shangdang;Shangdang;Shangdang;;Shangdang;;;;;;;;;x
c_shangdang_adj;Shangdangian;;shangdanger;;;;;;;;;;;x
c_shangfanggu;Shangfanggu;Shangfanggu;Shangfanggu;;Shangfanggu;;;;;;;;;x
c_shangfanggu_adj;Shangfanggian;;shangfangger;;;;;;;;;;;x
c_shanggu;Shanggu;Shanggu;Shanggu;;Shanggu;;;;;;;;;x
c_shanggu_adj;Shanggian;;shangger;;;;;;;;;;;x
c_shangquyang;Shangquyang;Shangquyang;Shangquyang;;Shangquyang;;;;;;;;;x
c_shangquyang_adj;Shangquyangian;;shangquyanger;;;;;;;;;;;x
c_shangyong;Shangyong;;;;;;;;;;;;;x
c_shangyong_adj;Shangyong County;;;;;;;;;;;;;x
c_shansang;Shansang;Shansang;Shansang;;Shansang;;;;;;;;;x
c_shansang_adj;Shansangian;;shansanger;;;;;;;;;;;x
c_shanyangyi;Shanyangyi;Shanyangyi;Shanyangyi;;Shanyangyi;;;;;;;;;x
c_shanyangyi_adj;Shanyangian;;shanyanger;;;;;;;;;;;x
c_shaxian;Shaxian;Shaxian;Shaxian;;Shaxian;;;;;;;;;x
c_shaxian_adj;Shaxianian;;shaxianer;;;;;;;;;;;x
c_shenchi;Shenchi;Shenchi;Shenchi;;Shenchi;;;;;;;;;x
c_shenchi_adj;Shenchian;;shencher;;;;;;;;;;;x
c_sheqiu;Sheqiu;Sheqiu;Sheqiu;;Sheqiu;;;;;;;;;x
c_sheqiu_adj;Sheqian;;sheqer;;;;;;;;;;;x
c_shicheng;Shicheng;Shicheng;Shicheng;;Shicheng;;;;;;;;;x
c_shicheng_adj;Shichengian;;shichenger;;;;;;;;;;;x
c_shouchun;Shouchun;Shouchun;Shouchun;;Shouchun;;;;;;;;;x
c_shouchun_adj;Shouchunian;;shouchuner;;;;;;;;;;;x
c_shouzhang;Shouzhang;Shouzhang;Shouzhang;;Shouzhang;;;;;;;;;x
c_shouzhang_adj;Shouzhangian;;shouzhanger;;;;;;;;;;;x
c_shulu;Shulu;Shulu;Shulu;;Shulu;;;;;;;;;x
c_shulu_adj;Shulian;;shuler;;;;;;;;;;;x
c_shunyang;Shunyang;Shunyang;Shunyang;;Shunyang;;;;;;;;;x
c_shunyang_adj;Shunyangian;;shunyanger;;;;;;;;;;;x
c_shuofang;Shuofang;Shuofang;Shuofang;;Shuofang;;;;;;;;;x
c_shuofang_adj;Shuofangian;;shuofanger;;;;;;;;;;;x
c_shuyong;Shuyong;Shuyong;Shuyong;;Shuyong;;;;;;;;;x
c_shuyong_adj;Shuyongian;;shuyonger;;;;;;;;;;;x
c_shuzhou;Shuzhou;Shuzhou;Shuzhou;;Shuzhou;;;;;;;;;x
c_shuzhou_adj;Shuzhian;;shuzher;;;;;;;;;;;x
c_sui;Sui;Sui;Sui;;Sui;;;;;;;;;x
c_sui_adj;Sian;;ser;;;;;;;;;;;x
c_suitang;Suitang;Suitang;Suitang;;Suitang;;;;;;;;;x
c_suitang_adj;Suitangian;;suitanger;;;;;;;;;;;x
c_suiyang;Suiyang;Suiyang;Suiyang;;Suiyang;;;;;;;;;x
c_suiyang_adj;Suiyangian;;suiyanger;;;;;;;;;;;x
c_suli;Suli;Suli;Suli;;Suli;;;;;;;;;x
c_suli_adj;Sulian;;suler;;;;;;;;;;;x
c_tangyang;Tangyang;Tangyang;Tangyang;;Tangyang;;;;;;;;;x
c_tangyang_adj;Tangyangian;;tangyanger;;;;;;;;;;;x
c_tanzhi;Tanzhi;Tanzhi;Tanzhi;;Tanzhi;;;;;;;;;x
c_tanzhi_adj;Tanzhian;;tanzher;;;;;;;;;;;x
c_tianshui;Tianshui;Tianshui;Tianshui;;Tianshui;;;;;;;;;x
c_tianshui_adj;Tianshian;;tiansher;;;;;;;;;;;x
c_tongguo;Tongguo;Tongguo;Tongguo;;Tongguo;;;;;;;;;x
c_tongguo_adj;Tonggian;;tongger;;;;;;;;;;;x
c_tsushima;Tsushima;Tsushima;Tsushima;;Tsushima;;;;;;;;;x
c_tsushima_adj;Tsushiman;;tsushiman;;;;;;;;;;;x
c_tuiyan;Tuiyan;Tuiyan;Tuiyan;;Tuiyan;;;;;;;;;x
c_tuiyan_adj;Tuiyanian;;tuiyaner;;;;;;;;;;;x
c_turpan;Turpan;Turpan;Turpan;;Turpan;;;;;;;;;x
c_turpan_adj;Turpanian;;turpaner;;;;;;;;;;;x
c_tuyin;Tuyin;Tuyin;Tuyin;;Tuyin;;;;;;;;;x
c_tuyin_adj;Tuyinian;;tuyiner;;;;;;;;;;;x
c_wan;Wan;Wan;Wan;;Wan;;;;;;;;;x
c_wan_adj;Wanian;;waner;;;;;;;;;;;x
c_wanchengzhuo;Wanchengzhuo;Wanchengzhuo;Wanchengzhuo;;Wanchengzhuo;;;;;;;;;x
c_wanchengzhuo_adj;Wanchengzhian;;wanchengzher;;;;;;;;;;;x
c_wannian;Wannian;Wannian;Wannian;;Wannian;;;;;;;;;x
c_wannian_adj;Wannianian;;wannianer;;;;;;;;;;;x
c_wei;Wei;Wei;Wei;;Wei;;;;;;;;;x
c_wei_adj;Wian;;wer;;;;;;;;;;;x
c_weigong;Weigong;Weigong;Weigong;;Weigong;;;;;;;;;x
c_weigong_adj;Weigongian;;weigonger;;;;;;;;;;;x
c_wenxi;Wenxi;Wenxi;Wenxi;;Wenxi;;;;;;;;;x
c_wenxi_adj;Wenxian;;wenxer;;;;;;;;;;;x
c_wenzhou;Wenzhou;Wenzhou;Wenzhou;;Wenzhou;;;;;;;;;x
c_wenzhou_adj;Wenzhian;;wenzher;;;;;;;;;;;x
c_wu;Wu;Wu;Wu;;Wu;;;;;;;;;x
c_wu_adj;Wian;;wer;;;;;;;;;;;x
c_wucheng;Wucheng;Wucheng;Wucheng;;Wucheng;;;;;;;;;x
c_wucheng_adj;Wuchengian;;wuchenger;;;;;;;;;;;x
c_wudu;Wudu;Wudu;Wudu;;Wudu;;;;;;;;;x
c_wudu_adj;Wudian;;wuder;;;;;;;;;;;x
c_wuhuandong;Wuhuandong;Wuhuandong;Wuhuandong;;Wuhuandong;;;;;;;;;x
c_wuhuandong_adj;Wuhuandongian;;wuhuandonger;;;;;;;;;;;x
c_wuhuanxi;Wuhuanxi;Wuhuanxi;Wuhuanxi;;Wuhuanxi;;;;;;;;;x
c_wuhuanxi_adj;Wuhuanxian;;wuhuanxer;;;;;;;;;;;x
c_wulian;Wulian;Wulian;Wulian;;Wulian;;;;;;;;;x
c_wulian_adj;Wulianian;;wulianer;;;;;;;;;;;x
c_wuling;Wuling;Wuling;Wuling;;Wuling;;;;;;;;;x
c_wuling_adj;Wulingian;;wulinger;;;;;;;;;;;x
c_wusui;Wusui;Wusui;Wusui;;Wusui;;;;;;;;;x
c_wusui_adj;Wusian;;wuser;;;;;;;;;;;x
c_wuwei;Wuwei;Wuwei;Wuwei;;Wuwei;;;;;;;;;x
c_wuwei_adj;Wuwian;;wuwer;;;;;;;;;;;x
c_wuxi;Wuxi;Wuxi;Wuxi;;Wuxi;;;;;;;;;x
c_wuxi_adj;Wuxian;;wuxer;;;;;;;;;;;x
c_wuyang;Wuyang;Wuyang;Wuyang;;Wuyang;;;;;;;;;x
c_wuyang_adj;Wuyangian;;wuyanger;;;;;;;;;;;x
c_wuyuan;Wuyuan;Wuyuan;Wuyuan;;Wuyuan;;;;;;;;;x
c_wuyuan_adj;Wuyuanian;;wuyuaner;;;;;;;;;;;x
c_wuzhang;Wuzhang;Wuzhang;Wuzhang;;Wuzhang;;;;;;;;;x
c_wuzhang_adj;Wuzhangian;;wuzhanger;;;;;;;;;;;x
c_wuzhong;Wuzhong;Wuzhong;Wuzhong;;Wuzhong;;;;;;;;;x
c_wuzhong_adj;Wuzhongian;;wuzhonger;;;;;;;;;;;x
c_xiabian;Xiabian;Xiabian;Xiabian;;Xiabian;;;;;;;;;x
c_xiabian_adj;Xiabianian;;xiabianer;;;;;;;;;;;x
c_xiacai;Xiacai;Xiacai;Xiacai;;Xiacai;;;;;;;;;x
c_xiacai_adj;Xiacian;;xiacer;;;;;;;;;;;x
c_xiakou;Xiakou;Xiakou;Xiakou;;Xiakou;;;;;;;;;x
c_xiakou_adj;Xiakian;;xiaker;;;;;;;;;;;x
c_xiami;Xiami;Xiami;Xiami;;Xiami;;;;;;;;;x
c_xiami_adj;Xiamian;;xiamer;;;;;;;;;;;x
c_xiangping;Xiangping;Xiangping;Xiangping;;Xiangping;;;;;;;;;x
c_xiangping_adj;Xiangpingian;;xiangpinger;;;;;;;;;;;x
c_xiangtan;Xiangtan;Xiangtan;Xiangtan;;Xiangtan;;;;;;;;;x
c_xiangtan_adj;Xiangtanian;;xiangtaner;;;;;;;;;;;x
c_xiangyang;Xiangyang;Xiangyang;Xiangyang;;Xiangyang;;;;;;;;;x
c_xiangyang_adj;Xiangyangian;;xiangyanger;;;;;;;;;;;x
c_xiangyi;Xiangyi;Xiangyi;Xiangyi;;Xiangyi;;;;;;;;;x
c_xiangyi_adj;Xiangian;;xianger;;;;;;;;;;;x
c_xianyang;Xianyang;Xianyang;Xianyang;;Xianyang;;;;;;;;;x
c_xianyang_adj;Xianyangian;;xianyanger;;;;;;;;;;;x
c_xiao;Xiao;Xiao;Xiao;;Xiao;;;;;;;;;x
c_xiao_adj;Xian;;xer;;;;;;;;;;;x
c_xiapi;Xiapi;Xiapi;Xiapi;;Xiapi;;;;;;;;;x
c_xiapi_adj;Xiapian;;xiaper;;;;;;;;;;;x
c_xiaqiu;Xiaqiu;Xiaqiu;Xiaqiu;;Xiaqiu;;;;;;;;;x
c_xiaqiu_adj;Xiaqian;;xiaqer;;;;;;;;;;;x
c_xiaquyang;Xiaquyang;Xiaquyang;Xiaquyang;;Xiaquyang;;;;;;;;;x
c_xiaquyang_adj;Xiaquyangian;;xiaquyanger;;;;;;;;;;;x
c_xihai;Xihai;Xihai;Xihai;;Xihai;;;;;;;;;x
c_xihai_adj;Xihian;;xiher;;;;;;;;;;;x
c_xihe;Xihe;Xihe;Xihe;;Xihe;;;;;;;;;x
c_xihe_adj;Xihean;;xiher;;;;;;;;;;;x
c_xincai;Xincai;Xincai;Xincai;;Xincai;;;;;;;;;x
c_xincai_adj;Xincian;;xincer;;;;;;;;;;;x
c_xindou;Xindou;Xindou;Xindou;;Xindou;;;;;;;;;x
c_xindou_adj;Xindian;;xinder;;;;;;;;;;;x
c_xindu;Xindu;Xindu;Xindu;;Xindu;;;;;;;;;x
c_xindu_adj;Xindian;;xinder;;;;;;;;;;;x
c_xinping;Xinping;Xinping;Xinping;;Xinping;;;;;;;;;x
c_xinping_adj;Xinpingian;;xinpinger;;;;;;;;;;;x
c_xinpingchen;Xinpingchen;Xinpingchen;Xinpingchen;;Xinpingchen;;;;;;;;;x
c_xinpingchen_adj;Xinpingchenian;;xinpingchener;;;;;;;;;;;x
c_xinshi;Xinshi;Xinshi;Xinshi;;Xinshi;;;;;;;;;x
c_xinshi_adj;Xinshian;;xinsher;;;;;;;;;;;x
c_xinye;Xinye;Xinye;Xinye;;Xinye;;;;;;;;;x
c_xinye_adj;Xinyean;;xiner;;;;;;;;;;;x
c_xiongnudong;Xiongnudong;Xiongnudong;Xiongnudong;;Xiongnudong;;;;;;;;;x
c_xiongnudong_adj;Xiongnudongian;;xiongnudonger;;;;;;;;;;;x
c_xiongnuxi;Xiongnuxi;Xiongnuxi;Xiongnuxi;;Xiongnuxi;;;;;;;;;x
c_xiongnuxi_adj;Xiongnuxian;;xiongnuxer;;;;;;;;;;;x
c_xiping;Xiping;Xiping;Xiping;;Xiping;;;;;;;;;x
c_xiping_adj;Xipingian;;xipinger;;;;;;;;;;;x
c_xipingru;Xipingru;Xipingru;Xipingru;;Xipingru;;;;;;;;;x
c_xipingru_adj;Xipingrian;;xipingrer;;;;;;;;;;;x
c_xuantu;Xuantu;Xuantu;Xuantu;;Xuantu;;;;;;;;;x
c_xuantu_adj;Xuantian;;xuanter;;;;;;;;;;;x
c_xuchang;Xuchang;Xuchang;Xuchang;;Xuchang;;;;;;;;;x
c_xuchang_adj;Xuchangian;;xuchanger;;;;;;;;;;;x
c_xupu;Xupu;Xupu;Xupu;;Xupu;;;;;;;;;x
c_xupu_adj;Xupian;;xuper;;;;;;;;;;;x
c_yan;Yan;Yan;Yan;;Yan;;;;;;;;;x
c_yan_adj;Yanian;;yaner;;;;;;;;;;;x
c_yang;Yang;Yang;Yang;;Yang;;;;;;;;;x
c_yang_adj;Yangian;;yanger;;;;;;;;;;;x
c_yangan;Yangan;Yangan;Yangan;;Yangan;;;;;;;;;x
c_yangan_adj;Yanganian;;yanganer;;;;;;;;;;;x
c_yangcheng;Yangcheng;Yangcheng;Yangcheng;;Yangcheng;;;;;;;;;x
c_yangcheng_adj;Yangchengian;;yangchenger;;;;;;;;;;;x
c_yangdi;Yangdi;Yangdi;Yangdi;;Yangdi;;;;;;;;;x
c_yangdi_adj;Yangdian;;yangder;;;;;;;;;;;x
c_yangdu;Yangdu;Yangdu;Yangdu;;Yangdu;;;;;;;;;x
c_yangdu_adj;Yangdian;;yangder;;;;;;;;;;;x
c_yangle;Yangle;Yangle;Yangle;;Yangle;;;;;;;;;x
c_yangle_adj;Yanglean;;yangler;;;;;;;;;;;x
c_yangquan;Yangquan;Yangquan;Yangquan;;Yangquan;;;;;;;;;x
c_yangquan_adj;Yangquanian;;yangquaner;;;;;;;;;;;x
c_yangxin;Yangxin;Yangxin;Yangxin;;Yangxin;;;;;;;;;x
c_yangxin_adj;Yangxinian;;yangxiner;;;;;;;;;;;x
c_yangyi;Yangyi;Yangyi;Yangyi;;Yangyi;;;;;;;;;x
c_yangyi_adj;Yangian;;yanger;;;;;;;;;;;x
c_yanjing;Yanjing;Yanjing;Yanjing;;Yanjing;;;;;;;;;x
c_yanjing_adj;Yanjingian;;yanjinger;;;;;;;;;;;x
c_yanliyou;Yanliyou;Yanliyou;Yanliyou;;Yanliyou;;;;;;;;;x
c_yanliyou_adj;Yanlian;;yanler;;;;;;;;;;;x
c_ye;Ye;Ye;Ye;;Ye;;;;;;;;;x
c_ye_adj;Yean;;er;;;;;;;;;;;x
c_yelang;Yelang;Yelang;Yelang;;Yelang;;;;;;;;;x
c_yelang_adj;Yelangian;;yelanger;;;;;;;;;;;x
c_yi;Yi;Yi;Yi;;Yi;;;;;;;;;x
c_yi_adj;Yian;;er;;;;;;;;;;;x
c_yicheng;Yicheng;Yicheng;Yicheng;;Yicheng;;;;;;;;;x
c_yicheng_adj;Yichengian;;yichenger;;;;;;;;;;;x
c_yimu;Yimu;Yimu;Yimu;;Yimu;;;;;;;;;x
c_yimu_adj;Yimian;;yimer;;;;;;;;;;;x
c_yingdao;Yingdao;Yingdao;Yingdao;;Yingdao;;;;;;;;;x
c_yingdao_adj;Yingdian;;yingder;;;;;;;;;;;x
c_yingtao;Yingtao;Yingtao;Yingtao;;Yingtao;;;;;;;;;x
c_yingtao_adj;Yingtian;;yingter;;;;;;;;;;;x
c_yingyang;Yingyang;Yingyang;Yingyang;;Yingyang;;;;;;;;;x
c_yingyang_adj;Yingyangian;;yingyanger;;;;;;;;;;;x
c_yinping;Yinping;Yinping;Yinping;;Yinping;;;;;;;;;x
c_yinping_adj;Yinpingian;;yinpinger;;;;;;;;;;;x
c_yiyang;Yiyang;Yiyang;Yiyang;;Yiyang;;;;;;;;;x
c_yiyang_adj;Yiyangian;;yiyanger;;;;;;;;;;;x
c_yongan;Yongan;Yongan;Yongan;;Yongan;;;;;;;;;x
c_yongan_adj;Yonganian;;yonganer;;;;;;;;;;;x
c_yongning;Yongning;Yongning;Yongning;;Yongning;;;;;;;;;x
c_yongning_adj;Yongningian;;yongninger;;;;;;;;;;;x
c_yongqiu;Yongqiu;Yongqiu;Yongqiu;;Yongqiu;;;;;;;;;x
c_yongqiu_adj;Yongqian;;yongqer;;;;;;;;;;;x
c_yongshou;Yongshou;Yongshou;Yongshou;;Yongshou;;;;;;;;;x
c_yongshou_adj;Yongshian;;yongsher;;;;;;;;;;;x
c_youbeiping;Youbeiping;Youbeiping;Youbeiping;;Youbeiping;;;;;;;;;x
c_youbeiping_adj;Youbeipingian;;youbeipinger;;;;;;;;;;;x
c_youfufeng;Youfufeng;Youfufeng;Youfufeng;;Youfufeng;;;;;;;;;x
c_youfufeng_adj;Youfufengian;;youfufenger;;;;;;;;;;;x
c_youxian;Youxian;Youxian;Youxian;;Youxian;;;;;;;;;x
c_youxian_adj;Youxianian;;youxianer;;;;;;;;;;;x
c_yu;Yu;Yu;Yu;;Yu;;;;;;;;;x
c_yu_adj;Yian;;er;;;;;;;;;;;x
c_yuancheng;Yuancheng;Yuancheng;Yuancheng;;Yuancheng;;;;;;;;;x
c_yuancheng_adj;Yuanchengian;;yuanchenger;;;;;;;;;;;x
c_yuanshi;Yuanshi;Yuanshi;Yuanshi;;Yuanshi;;;;;;;;;x
c_yuanshi_adj;Yuanshian;;yuansher;;;;;;;;;;;x
c_yunzhong;Yunzhong;Yunzhong;Yunzhong;;Yunzhong;;;;;;;;;x
c_yunzhong_adj;Yunzhongian;;yunzhonger;;;;;;;;;;;x
c_yutai;Yutai;Yutai;Yutai;;Yutai;;;;;;;;;x
c_yutai_adj;Yutian;;yuter;;;;;;;;;;;x
c_yuyuan;Yuyuan;Yuyuan;Yuyuan;;Yuyuan;;;;;;;;;x
c_yuyuan_adj;Yuyuanian;;yuyuaner;;;;;;;;;;;x
c_yuyuang;Yuyuang;Yuyuang;Yuyuang;;Yuyuang;;;;;;;;;x
c_yuyuang_adj;Yuyuangian;;yuyuanger;;;;;;;;;;;x
c_zeng;Zeng;Zeng;Zeng;;Zeng;;;;;;;;;x
c_zeng_adj;Zengian;;zenger;;;;;;;;;;;x
c_zhan;Zhan;Zhan;Zhan;;Zhan;;;;;;;;;x
c_zhan_adj;Zhanian;;zhaner;;;;;;;;;;;x
c_zhang;Zhang;Zhang;Zhang;;Zhang;;;;;;;;;x
c_zhang_adj;Zhangian;;zhanger;;;;;;;;;;;x
c_zhangye;Zhangye;Zhangye;Zhangye;;Zhangye;;;;;;;;;x
c_zhangye_adj;Zhangyean;;zhanger;;;;;;;;;;;x
c_zhaoling;Zhaoling;Zhaoling;Zhaoling;;Zhaoling;;;;;;;;;x
c_zhaoling_adj;Zhaolingian;;zhaolinger;;;;;;;;;;;x
c_zhending;Zhending;Zhending;Zhending;;Zhending;;;;;;;;;x
c_zhending_adj;Zhendingian;;zhendinger;;;;;;;;;;;x
c_zhenlin;Zhenlin;Zhenlin;Zhenlin;;Zhenlin;;;;;;;;;x
c_zhenlin_adj;Zhenlinian;;zhenliner;;;;;;;;;;;x
c_zhenyang;Zhenyang;Zhenyang;Zhenyang;;Zhenyang;;;;;;;;;x
c_zhenyang_adj;Zhenyangian;;zhenyanger;;;;;;;;;;;x
c_zhi;Zhi;Zhi;Zhi;;Zhi;;;;;;;;;x
c_zhi_adj;Zhian;;zher;;;;;;;;;;;x
c_zhongdu;Zhongdu;Zhongdu;Zhongdu;;Zhongdu;;;;;;;;;x
c_zhongdu_adj;Zhongdian;;zhongder;;;;;;;;;;;x
c_zhongling;Zhongling;Zhongling;Zhongling;;Zhongling;;;;;;;;;x
c_zhongling_adj;Zhonglingian;;zhonglinger;;;;;;;;;;;x
c_zhongqiu;Zhongqiu;Zhongqiu;Zhongqiu;;Zhongqiu;;;;;;;;;x
c_zhongqiu_adj;Zhongqian;;zhongqer;;;;;;;;;;;x
c_zhongshan;Zhongshan;Zhongshan;Zhongshan;;Zhongshan;;;;;;;;;x
c_zhongshan_adj;Zhongshanian;;zhongshaner;;;;;;;;;;;x
c_zhoua;Zhoua;Zhoua;Zhoua;;Zhoua;;;;;;;;;x
c_zhoua_adj;Zhouan;;zher;;;;;;;;;;;x
c_zhugou;Zhugou;Zhugou;Zhugou;;Zhugou;;;;;;;;;x
c_zhugou_adj;Zhugian;;zhuger;;;;;;;;;;;x
c_zhuo;Zhuo;Zhuo;Zhuo;;Zhuo;;;;;;;;;x
c_zhuo_adj;Zhian;;zher;;;;;;;;;;;x
c_zhuti;Zhuti;Zhuti;Zhuti;;Zhuti;;;;;;;;;x
c_zhuti_adj;Zhutian;;zhuter;;;;;;;;;;;x
c_zhuwu;Zhuwu;Zhuwu;Zhuwu;;Zhuwu;;;;;;;;;x
c_zhuwu_adj;Zhuwian;;zhuwer;;;;;;;;;;;x
c_zhuya;Zhuya;Zhuya;Zhuya;;Zhuya;;;;;;;;;x
c_zhuya_adj;Zhuyan;;zhuyan;;;;;;;;;;;x
c_zitong;Zitong;Zitong;Zitong;;Zitong;;;;;;;;;x
c_zitong_adj;Zitongian;;zitonger;;;;;;;;;;;x
c_zuopingyi;Zuopingyi;Zuopingyi;Zuopingyi;;Zuopingyi;;;;;;;;;x
c_zuopingyi_adj;Zuopingian;;zuopinger;;;;;;;;;;;x
