ASK_FOR_EXCOMMUNICATION_INTERACTION_TITLE;Request Censorship;;;;;;;;;;;;;x,,,,,,,
ASK_FOR_EXCOMMUNICATION_INTERACTION_TITLE_HEAD;Censor;;;;;;;;;;;;;x,,,,,,,
ASK_FOR_EXCOMMUNICATION_INTERACTION_DESC;Ask §Y[Actor.RelHead.GetTitledFirstName]§W to censor §Y[ThirdPartyCharacter.GetBestName]§W. This will cost you §R100§W Piety and, if granted will be viewed as an insult by [ThirdPartyCharacter.GetPossPronoun] relatives.;;;;;;;;;;;x,,,,,,
ASK_FOR_EXCOMMUNICATION_INTERACTION_LONG_DESC;A censored character will be despised by all characters of the same religion, and is fair game for declarations of war. However characters in kingdoms with Imperial pretenders can only be affected by the pretender.;;;;;;;;;;;;;x,,,,,,
ASK_FOR_EXCOMMUNICATION_INTERACTION_0;Ask §Y[Recipient.GetTitledFirstName]§W to censor §Y[ThirdPartyCharacter.GetBestName]§W. This will cost you §R$COST$§W Piety and, if granted will be viewed as an insult by [ThirdPartyCharacter.GetPossPronoun] relatives.;;;;;;;;;;;x,,,,,,
ASK_FOR_EXCOMMUNICATION_INTERACTION_ACCEPT_SETUP;Censorship Request Granted;;;;;;;;;;;;x,,,,,,,
ASK_FOR_EXCOMMUNICATION_INTERACTION_ACCEPT_LOG;§Y[Recipient.GetBestName]§W granted the request by §Y[Actor.GetBestName]§W to censor §Y[ThirdPartyCharacter.GetBestName]§W;;;;;;;;;;;;x,,,,,,,
ASK_FOR_EXCOMMUNICATION_INTERACTION_DECLINE_SETUP;Censorship Request Denied;;;;;;;;;;;;x,,,,,,,
ASK_FOR_EXCOMMUNICATION_INTERACTION_DECLINE_LOG;§Y[Recipient.GetBestName]§W declined the request by §Y[Actor.GetBestName]§W to censor §Y[ThirdPartyCharacter.GetBestName]§W;;;;;;;;;;;;x,,,,,,,
ASK_FOR_EXCOMMUNICATION_INTERACTION_OFFER;[Actor.GetBestName] wants us to censor [ThirdPartyCharacter.GetBestName];;;;;;;;;;;;;x,,,,,,,
ASK_FOR_EXCOMMUNICATION_INTERACTION_LETTER;The actions of [ThirdPartyCharacter.GetBestName] can no longer be tolerated, I humbly ask that [ThirdPartyCharacter.GetSubjectPronoun] be censored.;;;;;;;;;;;;x,,,,,,
ATTACKING_SOMEONE_ATTACKING_CRUSADE_TARGET;§RDeclaring war on someone under an Imperial Decree will costs us an additional §Y$PIETY$ Piety§W;;;;;;;;;;;;x,,,,,,,
ATTACKING_SOMEONE_DEFENDING_AGAINST_OTHER_RELIGIOUS_GROUP;§RDeclaring war on someone defending against barbarians costs us an additional §Y$PIETY$ [Player.Religion.GetPietyName]§W;;;;;;;;;;;;x,,,,,,,
ASK_TO_LIFT_EXCOMMUNICATION_INTERACTION_TITLE;Lift Censorship;;;;;;;;;;;;;x,,,,,,,
ASK_TO_LIFT_EXCOMMUNICATION_INTERACTION_DESC;Ask §Y[Actor.RelHead.GetTitledFirstName]§W to lift the censorship of §Y[ThirdPartyCharacter.GetBestName]§W.;;;;;;;;;;;;;;x,,,,,,,
ASK_TO_LIFT_EXCOMMUNICATION_INTERACTION_LONG_DESC;Lifting the censorship of a character requires that your Emperor likes you enough or is your vassal.;;;;;;;;;;;;;x,,,,,,,
ASK_TO_LIFT_EXCOMMUNICATION_INTERACTION_ACCEPT_SETUP;Lifting of censorship Granted;;;;;;;;;;;;;x,,,,,,,
ASK_TO_LIFT_EXCOMMUNICATION_INTERACTION_ACCEPT_LOG;§Y[Recipient.GetBestName]§W granted the request by §Y[Actor.GetBestName]§W to lift the censorship of §Y[ThirdPartyCharacter.GetBestName]§W;;;;;;;;;;;;;x,,,,,,,
ASK_TO_LIFT_EXCOMMUNICATION_INTERACTION_DECLINE_SETUP;Lifting of censorship Denied;;;;;;;;;;;;;x,,,,,,,
ASK_TO_LIFT_EXCOMMUNICATION_INTERACTION_DECLINE_LOG;§Y[Recipient.GetBestName]§W refused the request by §Y[Actor.GetBestName]§W to lift the censorship of §Y[ThirdPartyCharacter.GetBestName]§W;;;;;;;;;;;;;x,,,,,,,
ASK_TO_LIFT_EXCOMMUNICATION_INTERACTION_OFFER;[Actor.GetBestName] wants us to lift the censorship of [ThirdPartyCharacter.GetBestName];;;;;;;;;;;;;x,,,,,,,
ASK_TO_LIFT_EXCOMMUNICATION_INTERACTION_LETTER;Surely it is time for the virtuous [ThirdPartyCharacter.GetBestName] to once more be allowed communion. I vouch for [ThirdPartyCharacter.GetPossPronoun] fidelity.;;;;;;;;;;;;;x,,,,,,,
crusade_desc;§Y$CLAIMANT$§! can use this Casus Belli to seize all titles held by the traitor §Y$TARGET$§! within the de jure §Y$TITLE$§!.;;;;;;;;;;;;;x,,,,,,,
CB_NAME_CRUSADE;$HOLY_WAR$ for [Title.GetBaseName];$HOLY_WAR$ pour [Title.GetName];$HOLY_WAR$ um [Title.GetBaseName];;$HOLY_WAR$ por [Title.GetBaseName];;;;;;;;;x,,,,,,,
CB_NAME_EXCOMMUNICATED_RULER;Censored ruler;;;;;;;;;;;;;x,,,,,,,
WAR_NAME_EXCOMMUNICATED_RULER;$ORDER$$FIRST_ADJ$-$SECOND_ADJ$ Censorship War;;;;;;;;;;;;;x,,,,,,,
employ_priest;Invite Scholar to Court;;;;;;;;;;;;;x,,,,,,,
employ_priest_desc;Scour the land for a learned man to join my court and advise me on philosophical matters.;;;;;;;;;;;;;x,,,,,,,
employ_steward;Invite Noble to Court;;;;;;;;;;;;;x,,,,,,,
employ_steward_desc;Invite a promising nobleman to court;;;;;;;;;;;;;x,,,,,,,
present_debutante;Present Lady;;;;;;;;;;;;;x,,,,,,,
present_debutante_desc;A young noblewoman who has caught your eye makes her début at a formal event.;;;;;;;;;;;;;x,,,,,,,
muslim_government;Tianming;;;;;;;;;;;;;x,,,,,,,
muslim_government_desc;The Tianming system is similar to the Feudal system - rulers must rely on land holding vassals of varying loyalty and ambition. The maximum number of vassals and the number of Holdings you can directly own are controlled by the Centralization Law., If you should convert to a non-Confucian religion, your government form will change to Feudal.;;;;;;;;;;;;;x,,,,,
IN_HIDING_DESC;Hidden away in $LOCATION$.;;;;;;;;;;;;;x,,,,,,,
CROWN_INVESTITURE;The Crown may appoint Marquisates\n;;;;;;;;;;;;;x,,,,,,,
CHURCH_INVESTITURE;Only the Emperor may appoint Marquisates\n;;;;;;;;;;;;;x,,,,,,,
FREE_INVESTITURE;Any liege lord may appoint Marquisates\n;;;;;;;;;;;;;x,,,,,,,
CHAR_STATUS_PILGRIM;§Y$NAME$§! is currently in the field.;;;;;;;;;;;;;x,,,,,,,
INTERACTION_CANNOT_JOIN_VASSAL_WAR;We cannot join our vassals' wars (except for Imperial Decrees/Religious Campaigns and for supporting their claims outside your realm);;;;;;;;;;;;;x,,,,,,,
convert_to_parent_religion_desc;I will accept the ways of Heaven.;;;;;;;;;;;;;x,,,,,,,
NEWBORN_PURPLE_SETUP;Child Born in the Yellow;;;;;;;;;;;;;x,,,,,,,
NEWBORN_PURPLE_LOG;A §Y$SEX$§! was Born in the Yellow to §Y$CHAR1$§! and §Y$CHAR2$§!, named §Y$CHILD$§!.;;;;;;;;;;;;;x,,,,,,
NEWBORN_PURPLE_LETTER;$MOTHER$ has given birth to a $SEX$ in the Porphyry Chamber. The child will be named $CHILD$;;;;;;;;;;;;;x,,,,,,,
seize_church_assets;Temple Assets Plundered;;;;;;;;;;;;;x,,,,,,,
seize_church_assets_desc;This temple has been plundered of anything valuable!;;;;;;;;;;;;;x,,,,,,,
succ_turkish_succession;Struggle;;;;;;;;;;;;;x,,,,,,,
succ_turkish_succession_desc;The most powerful son of the ruler succeeds, though other powerful sons are likely to intervene... The law is very popular with your children, except for the oldest child. The rest of your dynasty also approves.;Le fils le plus puissant du souverain lui succède, mais ses autres fils peuvent aussi intervenir... Cette loi est très appréciée des enfants, sauf de lainé. Les autres membres de votre dynastie l'approuvent également.;Die mächtigste Sohn des Herrschers tritt dessen Nachfolge an, obwohl andere mächtige Söhne wahrscheinlich einschreiten werden ... Bis auf Euer ältestes Kind finden all Eure Kinder dieses Gesetz sehr gut. Auch der Rest Eurer Dynastie stimmt ihm zu.;;El hijo más poderoso del soberano será el sucesor, aunque es probable que intervengan otros hijos con poder suficiente... La ley es muy popular entre los hijos, excepto para los hijos mayores. Los demás miembros de la dinastía también la aceptarán.;;;;;;;;;x
#Death Text
death_text_default;Although not especially blessed, we hope [GetFirstName] will find peace in the afterlife;Bien qu'[GetSheHe] n'ait pas particulièrement fait preuve de dévotion, nous espérons que [GetFirstName] trouvera la paix dans l'au-delà;[GetFirstName] war zwar nicht immer vom Glück verwöhnt, wird aber hoffentlich trotzdem Frieden im Jenseits finden.;;Aunque no fue especialmente bendecido, esperamos que [GetFirstName] encuentre paz en la otra vida.;;;;;;;;;x,,,
death_text_neutral;Although not especially blessed, we hope [GetFirstName] will find peace in the afterlife;Bien qu'[GetSheHe] n'ait pas particulièrement fait preuve de dévotion, nous espérons que [GetFirstName] trouvera la paix dans l'au-delà;[GetFirstName] war zwar nicht immer vom Glück verwöhnt, wird aber hoffentlich trotzdem Frieden im Jenseits finden.;;Aunque no fue especialmente bendecido, esperamos que [GetFirstName] encuentre paz en la otra vida.;;;;;;;;;x,,,
death_text_lustful;Well-known to be prone to carnal sins, [GetSheHe] was often unfaithful to [GetHerHis] [GetHusbandWifeOpp]. A wicked [GetManWoman], [GetFirstName] will surely pay for [GetHerHis] sins in the afterlife;Connu[GetNoneE] pour ses péchés charnels, [GetSheHe] trompait en effet souvent s[GetHerHisOpp] [GetHusbandWifeOpp]. Une mauvaise personne qui paiera pour ses péchés dans l'au-delà;[GetFirstName] war den Fleischeslüsten bekanntermaßen nie abgeneigt und beging zahlreiche Ehebrüche. Für diese abscheulichen Sünden wird [GetSheHe] im Jenseits sicherlich büßen müssen.;;Bien conocido por su propensión a los pecados carnales, [GetSheHe] fue a menudo infiel a [GetHerHis] [GetHusbandWifeOpp]. [GetManWoman] perverso/a, [GetFirstName] seguramente pague por [GetHerHis] pecados en la otra vida.;;;;;;;;;x,,
death_text_gluttonous;Known to be Gluttonous, [GetSheHe] was constantly eating and rather overweight. A wicked [GetManWoman], [GetFirstName] will surely pay for [GetHerHis] sins in the afterlife;Connu[GetNoneE] pour sa gourmandise, [GetSheHe] mangeait constamment et était en surpoids. Une mauvaise personne qui paiera pour ses péchés dans l'au-delà;[GetFirstName] war kulinarischen Genüssen stets zugeneigt, aß unaufhörlich und war recht übergewichtig. Für diese abscheulichen Sünden wird [GetSheHe] im Jenseits sicherlich büßen müssen.;;Conocido por ser Glotón/Glotona, [GetSheHe] estaba comiendo continuamente y tenía bastante sobrepeso. [GetManWoman] perverso/a, [GetFirstName] seguramente pague por [GetHerHis] pecados en la otra vida.;;;;;;;;;x,
death_text_greedy;A Greedy [GetManWoman], [GetSheHe] often remarked on the need to tax [GetHerHis] people unto death. A wicked [GetManWoman], [GetFirstName] will surely pay for [GetHerHis] sins in the afterlife;Un[GetNoneE] [GetManWoman] avare dont nous avons souvent remarqué le besoin de surtaxer son peuple. Une mauvaise personne qui paiera pour ses péchés dans l'au-delà;[GetFirstName] war von Gier zerfressen und hätte die Untertanen am liebsten zu Tode besteuert. Für diese abscheulichen Sünden wird [GetSheHe] im Jenseits sicherlich büßen müssen.;;Un [GetManWoman] Codicioso/a, a menudo afirmaba la necesidad de gravar a [GetHerHis] gente hasta el límite. [GetManWoman] perverso/a, [GetFirstName] seguramente pague por [GetHerHis] pecados en la otra vida.;;;;;;;;;x,,,
death_text_slothful;Prone to Sloth, [GetSheHe] never did anything [GetSheHe] did not have to. A wicked [GetManWoman], [GetFirstName] will surely pay for [GetHerHis] sins in the afterlife;Connu[GetNoneE] pour sa paresse, [GetSheHe] n'a en effet jamais rien entrepris autrement que sous la contrainte. Une mauvaise personne qui paiera pour ses péchés dans l'au-delà;[GetFirstName] war überaus faul und tat selten mehr als absolut notwendig. Für diese abscheulichen Sünden wird [GetSheHe] im Jenseits sicherlich büßen müssen.;;Dado/a a la Pereza, [GetSheHe] nunca hizo nada a lo que [GetSheHe] no estuviera obligado/a. [GetManWoman] perverso/a, [GetFirstName] seguramente pague por [GetHerHis] pecados en la otra vida.;;;;;;;;;x,,
death_text_envious;Ever Envious, [GetSheHe] always wanted what other people had. A wicked [GetManWoman], [GetFirstName] will surely pay for [GetHerHis] sins in the afterlife;Nous [GetHerHim] connaissions pour son envie de ce que les autres ont. Une mauvaise personne qui paiera pour ses péchés dans l'au-delà;[GetFirstName] war von Neid erfüllt und begehrte stets das Hab und Gut anderer. Für diese abscheulichen Sünden wird [GetSheHe] im Jenseits sicherlich büßen müssen.;;Envidioso/a, [GetSheHe] siempre quiso lo que tenían los demás. [GetManWoman] perverso/a, [GetFirstName] seguramente pague por [GetHerHis] pecados en la otra vida.;;;;;;;;;x,,,
death_text_wroth;A Wroth [GetManWoman], people feared to cross [GetHerHim] - or even bring bad news. A wicked [GetManWoman], [GetFirstName] will surely pay for [GetHerHis] sins in the afterlife;Connu[GetNoneE] pour ses colères, [GetSheHe] inspirait la peur de devoir lui apporter de mauvaises nouvelles. Une mauvaise personne qui paiera pour ses péchés dans l'au-delà;[GetFirstName] war hitzköpfig und versetzte andere mit Zornausbrüchen in Angst und Schrecken. Für diese abscheulichen Sünden wird [GetSheHe] im Jenseits sicherlich büßen müssen.;;[GetManWoman] con Ira, la gente siempre temía cruzarse con él o incluso darle malas noticias. [GetManWoman] perverso/a, [GetFirstName] seguramente pague por [GetHerHis] pecados en la otra vida.;;;;;;;;;x,,
death_text_proud;Guilty of the sin of Pride, [GetSheHe] wanted everyone to know of [GetHerHis] greatness. A wicked [GetManWoman], [GetFirstName] will surely pay for [GetHerHis] sins in the afterlife;Coupable du péché d'orgueil, [GetSheHe] voulait que tout le monde connaisse sa grandeur. Une mauvaise personne qui paiera pour ses péchés dans l'au-delà;[GetFirstName] war von unbändigem Stolz zerfressen und wollte alle anderen in den Schatten stellen. Für diese abscheulichen Sünden wird [GetSheHe] im Jenseits sicherlich büßen müssen.;;Culpable del pecado del Orgullo, [GetSheHe] quería que todo el mundo supiera [GetHerHis] grandeza. [GetManWoman] perverso/a, [GetFirstName] seguramente pague por [GetHerHis] pecados en la otra vida.;;;;;;;;;x,,
death_text_chaste;A Chaste [GetManWoman], [GetHerHis] honor was beyond refute. A filial [GetManWoman], [GetFirstName] is at peace now.;;;;;;;;;;;;;x,,,,,
death_text_temperate;Ever Temperate, [GetSheHe] never let [GetHerHis] base urges get the better of [GetHerHim]. A filial [GetManWoman], [GetFirstName] is at peace now.;;;;;;;;;;;;;x,,,,,
death_text_charitable;Well-known to be Charitable, [GetSheHe] freely gave money to [GetHerHis] friends and family. A filial [GetManWoman], [GetFirstName] is at peace now.;;;;;;;;;;;;;xSon caractère charitable était connu de tous,,,,,
death_text_diligent;A shining example of Diligence, [GetHerHis] duty was never neglected. A filial [GetManWoman], [GetFirstName] is at peace now.;;;;;;;;;;;;;x,,,,,
death_text_kind;Known to be Kind, few had a bad word to say about [GetHerHim]. A filial [GetManWoman], [GetFirstName] is at peace now.;;;;;;;;;;;;;x,,,,,
death_text_patient;Always Patient, [GetSheHe] never lost his temper. A filial [GetManWoman], [GetFirstName] is at peace now.;;;;;;;;;;;;;x,,,,,
death_text_humble;A humble [GetManWoman], [GetSheHe] never wanted anyone to make a fuss over [GetHerHis] accomplishments. A filial [GetManWoman], [GetFirstName] is at peace now.;;;;;;;;;;;;;x,,,,,
#Execution
DEATH_EXECUTION_CRUSHING;was crushed to death on the order of $KILLER$;mourut écrasé[GetNoneE] sur ordre de $KILLER$;wurde auf Geheiß von $KILLER$ zerquetscht;;fue aplastado/a hasta morir por orden de $KILLER$;;;;;;;;;x,,,,,,,
DEATH_EXECUTION_CRUSHING_NO_KILLER;was crushed to death;mourut écrasé[GetNoneE];wurde zerquetscht;;fue aplastado/a hasta morir;;;;;;;;;x,,,,,,,
DEATH_EXECUTION_BURNING;was burnt at the stake on the order of $KILLER$;mourut sur le bûcher sur ordre de $KILLER$;wurde auf Geheiß von $KILLER$ auf dem Scheiterhaufen verbrannt;;fue quemado/a en la hoguera por orden de $KILLER$;;;;;;;;;x,,,,,,,
DEATH_EXECUTION_BURNING_NO_KILLER;was burnt at the stake;mourut sur le bûcher;wurde auf dem Scheiterhaufen verbrannt;;fue quemado/a en la hoguera;;;;;;;;;x,,,,,,,
DEATH_EXECUTION_HDQ;was hanged, drawn and quartered on the order of $KILLER$;mourut écartelé[GetNoneE] sur ordre de $KILLER$;wurde auf Geheiß von $KILLER$ gehängt, ausgeweidet und gevierteilt;;fue ahorcado/a, eviscerado/a y descuartizado/a por orden de $KILLER$;;;;;;;;;x,,,,
DEATH_EXECUTION_HDQ_NO_KILLER;was hanged, drawn and quartered;mourut écartelé[GetNoneE];wurde gehängt, ausgeweidet und gevierteilt;;fue ahorcado/a, eviscerado/a y descuartizado/a;;;;;;;;;x,,,,
DEATH_EXECUTION_BEAR;was mauled to death by a bear on the order of $KILLER$;mourut le corps déchiqueté par un ours sur ordre de $KILLER$;wurde auf Geheiß von $KILLER$ einem Bären zum Fraß vorgeworfen;;atacado/a hasta morir por un oso por orden de $KILLER$;;;;;;;;;x,,,,,,,
DEATH_EXECUTION_BEAR_NO_KILLER;was mauled to death by a bear;mourut le corps déchiqueté par un ours;wurde einem Bären zum Fraß vorgeworfen;;atacado/a hasta morir por un oso;;;;;;;;;x,,,,,,,
DEATH_EXECUTION_DISEMBOWELMENT;had [GetHerHis] bowels torn out on the order of $KILLER$;mourut éviscéré[GetNoneE] sur ordre de $KILLER$;wurde auf Geheiß von $KILLER$ ausgeweidet;;[Root.GetHerHis]s intestinos fueron arrancados por orden de $KILLER$;;;;;;;;;x,,,,,,,
DEATH_EXECUTION_DISEMBOWELMENT_NO_KILLER;had [GetHerHis] bowels torn out;mourut éviscéré[GetNoneE];wurde ausgeweidet;;[Root.GetHerHis]s intestinos fueron arrancados ;;;;;;;;;x,,,,,,,
DEATH_EXECUTION_BOILING;was boiled to death on the order of $KILLER$;mourut d'une immersion dans de l'eau bouillante sur ordre de $KILLER$;wurde auf Geheiß von $KILLER$ zu Tode gekocht;;fue hervido/a hasta morir por orden de $KILLER$;;;;;;;;;x,,,,,,,
DEATH_EXECUTION_BOILING_NO_KILLER;was boiled to death;mourut d'une immersion dans de l'eau bouillante;wurde zu Tode gekocht;;fue hervido/a hasta morir;;;;;;;;;x,,,,,,,
DEATH_EXECUTION_SAWING;was sawed in half on the order of $KILLER$;mourut le corps scié en deux sur ordre de $KILLER$;wurde auf Geheiß von $KILLER$ gezweiteilt;;fue serrado/a por la mitad por orden de $KILLER$;;;;;;;;;x,,,,,,,
DEATH_EXECUTION_SAWING_NO_KILLER;was sawed in half;mourut le corps scié en deux;wurde gezweiteilt;;fue serrado/a por la mitad;;;;;;;;;x,,,,,,,
DEATH_EXECUTION_HUNT;was killed in an elaborate hunt by $KILLER$;mourut dans une chasse élaborée sur ordre de $KILLER$;wurde bei einer inszenierten Jagd von $KILLER$ erlegt;;se le mató en una cacería elaborada por $KILLER$;;;;;;;;;x,,,,,,,
DEATH_EXECUTION_HUNT_NO_KILLER;was killed in an elaborate hunt;mourut dans une chasse élaborée;wurde bei einer inszenierten Jagd erlegt;;se le mató en una elaborada cacería;;;;;;;;;x,,,,,,,
DEATH_EXECUTION_LIVE_BURIAL;was buried alive on the order of $KILLER$;mourut enterré[GetNoneE] vivant[GetNoneE] sur ordre de $KILLER$;wurde auf Geheiß von $KILLER$ bei lebendigem Leib begraben;;fue enterrado/a vivo/a por orden de $KILLER$;;;;;;;;;x,,,,,,,
DEATH_EXECUTION_LIVE_BURIAL_NO_KILLER;was buried alive;mourut enterré[GetNoneE] vivant[GetNoneE];wurde bei lebendigem Leib begraben;;fue enterrado/a vivo/a;;;;;;;;;x,,,,,,,
DEATH_EXECUTION_HANGING;was hanged on the order of $KILLER$;fut pendu[GetNoneE] sur ordre de $KILLER$;wurde auf Geheiß von $KILLER$ gehängt;;fue colgado/a por orden de $KILLER$;;;;;;;;;x,,,,,,,
DEATH_EXECUTION_HANGING_NO_KILLER;was hanged;fut pendu[GetNoneE];wurde gehängt;;fue colgado/a;;;;;;;;;x,,,,,,,
DEATH_EXECUTION_IMMUREMENT;was walled up alive on the order of $KILLER$;mourut emmuré[GetNoneE] sur ordre de $KILLER$;wurde auf Geheiß von $KILLER$ bei lebendigem Leib eingemauert;;fue emparedado/a vivo por orden de $KILLER$;;;;;;;;;x,,,,,,,
DEATH_EXECUTION_IMMUREMENT_NO_KILLER;was walled up alive;mourut emmuré[GetNoneE];wurde bei lebendigem Leib eingemauert;;fue emparedado/a vivo;;;;;;;;;x,,,,,,,
DEATH_EXECUTION_BEHEADING;was beheaded on the order of $KILLER$;fut décapité[GetNoneE] sur ordre de $KILLER$;wurde auf Geheiß von $KILLER$ geköpft;;fue decapitado/a por orden de $KILLER$;;;;;;;;;x,,,,,,,
DEATH_EXECUTION_BEHEADING_NO_KILLER;was beheaded;fut décapité[GetNoneE];wurde geköpft;;fue decapitado;;;;;;;;;x,,,,,,,
DEATH_EXECUTION_WINE;was drowned in wine on the order of $KILLER$;mourut noyé[GetNoneE] dans du vin sur ordre de $KILLER$;wurde auf Geheiß von $KILLER$ in Wein ertränkt;;fue ahogado/a en vino por orden de $KILLER$;;;;;;;;;x,,,,,,,
DEATH_EXECUTION_WINE_NO_KILLER;was drowned in wine;mourut noyé[GetNoneE] dans du vin;wurde in Wein ertränkt;;fue ahogado/a en vino;;;;;;;;;x,,,,,,,
DEATH_EXECUTION_POISON;was poisoned to death on the order of $KILLER$;mourut empoisonné[GetNoneE] sur ordre de $KILLER$;wurde auf Geheiß von $KILLER$ tödlich vergiftet;;fue envenenado/a hasta morir por orden de $KILLER$;;;;;;;;;x,,,,,,,
DEATH_EXECUTION_POISON_NO_KILLER;was poisoned to death;mourut empoisonné[GetNoneE];wurde tödlich vergiftet;;fue envenenado/a hasta morir;;;;;;;;;x,,,,,,,
DEATH_EXECUTION_FLAYING;was slowly sliced to death on the order of $KILLER$;mourut de coups de fouet ordonnés par $KILLER$;wurde auf Geheiß von $KILLER$ die Haut abgezogen, bis der Tod eintrat;;despellejado lentamente hasta morir por orden de $KILLER$;;;;;;;;;x,,,,,,
DEATH_EXECUTION_FLAYING_NO_KILLER;was slowly sliced to death;mourut de coups de fouet;wurde die Haut abgezogen, bis der Tod eintrat;;despellejado lentamente hasta morir;;;;;;;;;x,,,,,,
DEATH_EXECUTION_IMPALING;was cruelly impaled on a stake by $KILLER$;mourut d'un cruel empalement sur ordre de $KILLER$;wurde von $KILLER$ brutal gepfählt;;fue cruelmente empalado/a en una estaca por $KILLER$;;;;;;;;;x,,,,,,,
DEATH_EXECUTION_IMPALING_NO_KILLER;was cruelly impaled on a stake;mourut d'un cruel empalement;wurde brutal gepfählt;;fue cruelmente empalado/a en una estaca;;;;;;;;;x,,,,,,,
DEATH_EXECUTION_TIGER;was mauled to death by a tiger on the order of $KILLER$;mourut le corps déchiqueté par un tigre sur ordre de $KILLER$;wurde auf Geheiß von $KILLER$ einem Tiger zum Fraß vorgeworfen;;atacado/a hasta morir por un tigre por orden de $KILLER$;;;;;;;;;x,,,,,,,
DEATH_EXECUTION_TIGER_NO_KILLER;was mauled to death by a tiger;mourut le corps déchiqueté par un tigre;wurde einem Tiger zum Fraß vorgeworfen;;atacado/a hasta morir por un tigre;;;;;;;;;x,,,,,,,
DEATH_EXECUTION_ELEPHANTS;was crushed to death by elephants on the order of $KILLER$;mourut piétiné[GetNoneE] par des éléphants sur ordre de $KILLER$;wurde auf Geheiß von $KILLER$ von Elefanten zu Tode getrampelt;;unos elefantes le pisotearon hasta morir por orden de $KILLER$;;;;;;;;;x,,,,,,,
DEATH_EXECUTION_ELEPHANTS_NO_KILLER;was trampled to death by elephants;mourut piétiné[GetNoneE] par des éléphants;wurde von Elefanten zu Tode getrampelt;;unos elefantes le pisotearon hasta morir;;;;;;;;;x,,,,,,,
DEATH_EXECUTION_BAMBOO;was pierced to death on growing bamboo on the order of $KILLER$;mourut le corps transpercé par du bambou sur ordre de $KILLER$;wurde auf Geheiß von $KILLER$ von wachsenden Bambusschösslingen aufgespießt und getötet;;un tallo de bambú creciente lo atravesó hasta morir por orden de $KILLER$;;;;;;;;;x,,,,,,,
DEATH_EXECUTION_BAMBOO_NO_KILLER;was pierced to death on growing bamboo;mourut le corps transpercé par du bambou;wurde von wachsenden Bambusschösslingen aufgespießt und getötet;;un tallo de bambú creciente lo atravesó hasta morir;;;;;;;;;x,,,,,,,
DEATH_EXECUTION_DROWNING_PIT;died thrashing in the drowning-pit on the order of $KILLER$;mourut noyé[GetNoneE] dans un puits sur ordre de $KILLER$;starb auf Geheiß von $KILLER$ wild um sich schlagend in der Wassergrube;;murió arrojado/a al pozo de ahogamientos por orden de $KILLER$;;;;;;;;;x,,,,,,,
DEATH_EXECUTION_DROWNING_PIT_NO_KILLER;died thrashing in the drowning-pit;mourut noyé[GetNoneE] dans un puits;starb wild um sich schlagend in der Wassergrube;;murió arrojado/a al pozo de ahogamientos;;;;;;;;;x,,,,,,,
DEATH_EXECUTION_GARROTTING;was executed by strangulation on the order of $KILLER$;mourut étranglé[GetNoneE] sur ordre de $KILLER$;wurde auf Geheiß von $KILLER$ auf der Garrotte hingerichtet;;fue ejecutado/a con garrote por orden de $KILLER$;;;;;;;;;x,,,,,,,
DEATH_EXECUTION_GARROTTING_NO_KILLER;was executed by strangulation;mourut étranglé[GetNoneE];wurde auf der Garrotte hingerichtet;;fue ejecutado/a con garrote;;;;;;;;;x,,,,,,,
DEATH_EXECUTION_HORSES;was trampled to death by horses on the order of $KILLER$;mourut piétiné[GetNoneE] par des chevaux sur ordre de $KILLER$;wurde auf Geheiß von $KILLER$ von Pferden zu Tode getrampelt;;unos caballos le pisotearon hasta morir por orden de $KILLER$;;;;;;;;;x,,,,,,,
DEATH_EXECUTION_HORSES_NO_KILLER;was trampled to death by horses;mourut piétiné[GetNoneE];wurde von Pferden zu Tode getrampelt;;unos caballos le pisotearon hasta morir;;;;;;;;;x,,,,,,,
DEATH_EXECUTION_BACK_BREAKING;had [GetHerHis] back broken on the order of $KILLER$;mourut le dos brisé sur ordre de $KILLER$;wurde auf Geheiß von $KILLER$ der Rücken gebrochen;;[Root.GetHerHis] espalda fue rota por orden de $KILLER$;;;;;;;;;x,,,,,,,
DEATH_EXECUTION_BACK_BREAKING_NO_KILLER;had [GetHerHis] back broken;mourut le dos brisé;wurde der Rücken gebrochen;;[Root.GetHerHis] espalda fue rota;;;;;;;;;x,,,,,,,
DEATH_EXECUTION_BOAR;was gored to death by a boar on the order of $KILLER$;mourut transpercé[GetNoneE] par une corne de sanglier et sur ordre de $KILLER$;wurde auf Geheiß von $KILLER$ einem Wildschwein zum Fraß vorgeworfen;;atacado/a hasta morir por un jabalí por orden de $KILLER$;;;;;;;;;x,,,,,,,
DEATH_EXECUTION_BOAR_NO_KILLER;was gored to death by a boar;mourut transpercé[GetNoneE] par une corne de sanglier;wurde einem Wildschwein zum Fraß vorgeworfen;;atacado/a hasta morir por un jabalí;;;;;;;;;x,,,,,,,
#
faction_install_chancellor_title;Overthrow [From.Liege.GetBestName];Renverser [From.Liege.GetBestName];[From.Liege.GetBestName] stürzen;; Derrocar a [From.Liege.GetBestName];;;;;;;;;x
faction_install_chancellor_desc;Members seek to seize power from §Y[From.Liege.GetBestName]§! and significantly increase the Council's power. Once this faction is sufficiently powerful	 §Y[From.GetBestName]§! may present an ultimatum to §Y[From.Liege.GetBestName]§!.;;;;;;;;;;;x
EVTDESC_CHA.4;You are a weak and [GetFromRootInsult]! We will no longer stand idly by as you ignore the well-being of your subjects. The time has come for you to withdraw from court affairs and allow [new_title_holder.GetFullName] to rule as your Chancellor! Submit to this demand peacefully or face the consequences.\n\nSigned	\n[From.GetTitledName];;;;;;;;;;;x
EVTDESC_CHA.5;Rather than letting civil war tear the realm apart	 [From.GetTitledName] has agreed to give up [From.GetHerHis] power for the good of the realm. We have chosen [new_title_holder.GetFullName] as our new Chancellor. Your valuable support in this matter will not be forgotten.\n\nSincerely	\n[FromFrom.GetTitledName];;;;;;;;;x
EVTDESC_CHA.6;Under pressure from a powerful Faction	 §Y[From.GetTitledName]§! has agreed to relinquish power. Hail the new ruler	 §Y[new_title_holder.GetFullName]§!!;;;;;;;;;x
EVTDESC_CHA.7;Rather than risking civil war tearing the realm apart	 I have decided to give in to your demand and leave affairs of the realm in your hands. But this treacherous act of blackmail will not be forgotten...\n\nSigned	\n[From.GetTitledName];;;;;;;;;;;x
faction_install_chancellor_ultimatum;Demand Chancellorship;;;;;;;;;;;x
faction_install_chancellor_ultimatum_desc;Present an ultimatum to §Y[Root.Liege.GetBestName]§!	 demanding that [Root.Liege.GetSheHe] withdraws from power in favor of the most liked vassal in the realm. If [Root.Liege.GetSubjectPronoun] refuses to comply	 your Faction will rise in revolt.;;;;;;;;;;;x
CB_NAME_INSTALL_CHANCELLOR;Install Chancellor;;;;;;;;;;;x
WAR_NAME_INSTALL_CHANCELLOR;$ORDER$War to Install $ATTACKER$ as Chancellor;;;;;;;;;;;x