EVTDESC71000;A group of Masterless Warriors have come to visit [Root.PrimaryTitle.GetName]. [Root.job_chancellor.GetTitledFirstName] has met with them, and ask for my reply.;;;;;;;;;;;;;x
EVTOPTA71000;Welcome them with a lavish feast!;;;;;;;;;;;;;x
EVTOPTB71000;Welcome them reluctantly...;;;;;;;;;;;;;x
EVTOPTC71000;Refuse them Access!;;;;;;;;;;;;;x
#EVTDESC71001;The Masterless Warriors have participated in a minor tournament together with in our warriors in [Root.Location.GetName]. Sadly, one of those landless vagabonds have been severly injured.;;;;;;;;;;;;;x
EVTOPTA71001;Pay for some medication, and send them on their way;;;;;;;;;;;;;x
EVTOPTB71001;Allow them to stay at the mansion while he recovers.;;;;;;;;;;;;;x
EVTDESC71002;A young Masterless Warrior has distinguished himself quite nicely in the time he has been at our mansion.;;;;;;;;;;;;;x
EVTOPTA71002;Take him into our service!;;;;;;;;;;;;;x
EVTOPTB71002;Lavish him with praise!;;;;;;;;;;;;;x
EVTDESC71003;A member of our court has taken great offense at the behavior of the rough uncut Masterless Warriors visiting our mansion. He almost demands that we should execute the vagrants.;;;;;;;;;;;;;x die auf Besuch in unserer Burg sind. Er geht fast so weit
EVTOPTA71003;Throw the Masterless Warriors out of the mansion!;;;;;;;;;;;;;x
EVTOPTB71003;Ignore the complaints...;;;;;;;;;;;;;x
EVTDESC71004;A young woman has been seduced by one of the Masterless Warriors. This seems to have some unforeseen consequences.;;;;;;;;;;;;;x ce qui n’est pas sans conséquences.;Einer der fahrenden Ritter hat eine junge Frau verführt. Dies scheint einige unvorhersehbare Konsequenzen zu haben.;;Una joven ha sido seducida por un caballero errante. Esto parece tener consecuencias imprevistas.;;;;;;;;;x
EVTOPTA71004;Let them both stay at court.;;;;;;;;;;;;;x
EVTOPTB71004;The dungeon is a nice place for that 'warrior'.;;;;;;;;;;;;;x
EVTDESC71005;The Masterless Warriors are ready to depart our mansion and ride forth to another lord's domain.;;;;;;;;;;;;;x unsere Burg zu verlassen und in die Domäne eines anderen Fürsten zu reiten.;;Los caballeros errantes están listos para salir de nuestro castillo y cabalgar al dominio de otro señor.;;;;;;;;;x
EVTOPTA71005;Give them a farewell feast!;;;;;;;;;;;;;x
EVTOPTB71005;Let them leave quietly.;;;;;;;;;;;;;x
EVTDESC71006;[Root.job_marshal.GetTitledFirstName] has arrested an armed man with ragged armor and a spotty horse. [Root.job_marshal.GetSheHeCap] says that the man claims to be a Masterless Warrior, but clearly does not believe that statement.;;;;;;;;;;;;;x
EVTOPTA71006;Order the Masterless Warrior released.;;;;;;;;;;;;;x
EVTOPTB71006;That is clearly a bandit..;;;;;;;;;;;;;x
EVTDESC73000;A famous writer proposes to compose your family chronicles.;;;;;;;;;;;;;x
EVTOPTA73000;Give him patronage;;;;;;;;;;;;;x
EVTOPTB73000;Ignore him;;;;;;;;;;;;;x
#EVTDESC73001;Your young wife takes a passion for romantic poetry. She keeps reading any sort of romantic poetry she can get hold of.;Votre jeune épouse se passionne pour la poésie romantique. Elle passe son temps à lire tous les recueils qu’elle trouve.;Eure junge Frau hat ein Faible für romantische Gedichte. Sie liest davon so viel sie nur kann.;;A tu joven esposa le apasiona la poesía romántica. Lee cualquier poesía romántica que cae en sus manos.;;;;;;;;;x,
#EVTOPTA73001;Help her, by getting her more to read.;Vous l’encouragez sur cette voie en lui fournissant davantage de lecture.;Sie soll noch mehr Gedichte bekommen.;;Ayúdala y llévale más poesías.;;;;;;;;;x
EVTOPTB73001;That is her interests, not mine.;;;;;;;;;;;;;x
EVTDESC73002;His Imperial Majesty wants to raise a grand palace as a demonstration of the Empire's majesty.;;;;;;;;;;;;;x
EVTOPTA73002;It is for the glory of my Emperor!;;;;;;;;;;;;;x
EVTOPTB73002;If the Emperor wants it, the Emperor can pay for it..;;;;;;;;;;;;;x
#Censorship
EVTOPTC_SOA_4122;Lift the censorship on [From.Holder.TopLiege.GetTitledFirstName];;;;;;;;;;;;;x
EVTTOOLTIP_SOA_4125;The censorship is lifted from [This.GetTitledFirstName];;;;;;;;;;;;;x
EVTDESC_SOA_4125;[From.GetPossPronounCap] the [From.PrimaryTitle.GetRulerTitle] has lifted my censorship in gratitude for my eradication of the heretics in [FromFrom.GetName].;;;;;;;;;;;;;x
EVTDESC39252;An emissary comes from [From.GetBestName], with hopes of repenting [From.GetHerHis] sins. While [From.GetSheHe] has committed some very grave sins, this shows sincere regret and I will lift his censorship.;;;;;;;;;;;;;x
EVTOPTA39252;Lift [From.GetHerHis] censorship.;;;;;;;;;;;;;x
EVTDESC39253;The Emperor has agreed to lift the censorship against me!;;;;;;;;;;;;;x
#Crusade,
EVTNAME200;[Root.Religion.GetCrusadeName] for [From.GetBaseName]!;[Root.Religion.GetCrusadeName] pour [From.GetBaseName]!;[Root.Religion.GetCrusadeName] für [From.GetBaseName]!;;¡[Root.Religion.GetCrusadeName] por [From.GetBaseName]!;;;;;;;;;x,
EVTDESC200;His Holiness, [Root.GetTitledFirstName], has been swayed by the cries for help from the people in the [From.GetFullName]. He urges all able-bodied men to take up arms against the evil [New.GetTitledName] in order to secure [From.GetName] from the clutches of the rebels.\n\n Heaven will grant us victory!;;;;;;;;;;;;;x,,,,,,,,,,,,
EVTDESC201;His Holiness, [Root.GetTitledFirstName], is worried about the state of the government in the [From.GetFullBaseName]. The heretics under [New.GetTitledName] have no love for the people and must be restored to Confucianism. Arrest these [New.Religion.GetName] pedants!;;;;;;;;;;;;;x,,,,,,,,,,,,
EVTDESC321;The [From.GetFullBaseName] is afflicted with the scourge of Heresy. His Holiness, [Root.GetTitledFirstName], has decided that the impure [New.GetTitledName] and [New.GetPossPronoun] followers must be stamped out before their evil stain spread further!;;;;;;;;;;;;;x,,,,,,,,,,,,
EVTOPTA200;Wan sui!;;;;;;;;;;;;;x
EVTOPTB200;That's no concern of ours...;Cela ne nous regarde pas...;Das geht uns nichts an...;;Eso no es asunto nuestro…;;;;;;;;;x,
EVTOPTC200;Foolish rebels!;;;;;;;;;;;;;x
EVTOPTD200;To Arms!;Aux armes !;Zu den Waffen!;;¡A las armas!;;;;;;;;;x,
EVTOPTE200;What Terrible News!;Quelle terrible nouvelle !;Welch schreckliche Nachrichten!;;¡Qué terribles noticias!;;;;;;;;;x,
EVTDESC320;The great [Root.Religion.GetName] [Root.GetTitledFirstName] has decided to call a Jihad against the Kafirs in the [From.GetFullBaseName]. He urges all righteous [Root.Religion.GetName] Muslims to take up arms against the depraved [New.GetTitledName] for the glory of Islam.\n\n Allah is merciful!;Le grand [Root.Religion.GetName] [Root.GetTitledFirstName] a décidé d'en appeler au Jihad contre les Kafirs de [From.GetFullBaseName]. Il presse tous les musulmans [Root.Religion.GetName] vertueux de prendre les armes contre le dépravé [New.GetTitledName] pour la gloire de l'Islam.\n\n Allah est miséricordieux ! ;Der große [Root.Religion.GetName] [Root.GetTitledFirstName] hat beschlossen, einen Jihad gegen die Giauren in [From.GetFullBaseName] auszurufen. Er ruft alle rechtschaffenen [Root.Religion.GetName] Muslime zu den Waffen, um gegen die verdorbenen [New.GetTitledName] für den Ruhm des Islam ins Feld zu ziehen.\n\n Allah ist barmherzig!;;El gran [Root.GetTitledFirstName] [Root.Religion.GetName] ha decidido convocar una Yihada contra los Kafires en el [From.GetFullBaseName]. Insta a todos los justos Musulmanes [Root.Religion.GetName] a tomar las armas contra los depravados [New.GetTitledName] por la gloria del Islam.\n\n ¡Alá es misericordioso!;;;;;;;;;x,,,,,,,,,,,,,
EVTOPTA320;Zhi ming!;;;;;;;;;;;;;x
EVTDESC322;The [Root.Religion.GetName] [Root.GetTitledFirstName] has decided to declare holy war against [From.GetFullBaseName]. He urges all righteous [Root.Religion.GetName] Taoists to partake in the righteous struggle against [New.GetTitledName] for the Way of Peace.\n\n Long live the Yellow Dragon!;;;;;;;;;;;;;x
EVTDESC323;The most righteous [Root.Religion.GetName] [Root.GetTitledFirstName] is deeply concerned with the straying people of the [From.GetFullBaseName], many of whom barely deserve being called Confucians. He urges all true ([Root.Religion.GetName]) Confucians to aid in the struggle against the heretic [New.GetTitledName] for the glory of Heaven.\n\n Wan sui!;;;;;;;;;;;;;x
EVTDESC324;The mighty [Root.GetTitledFirstName] has decided that it is time to teach [New.GetTitledName] and the followers of the falling blue sky a lesson. All free [Root.Religion.GetName] men are invited to partake in the scouring of the [From.GetFullBaseName]!\n\n Long live the Yellow Dragon!;;;;;;;;;;;;;x
EVTOPTA324;For [Root.Religion.GetRandomGodName]!;Pour [Root.Religion.GetRandomGodName] !;Für [Root.Religion.GetRandomGodName]!;;¡Por [Root.Religion.GetRandomGodName]!;;;;;;;;;x,
EVTDESC325;[Root.GetTitledFirstName] has had a vision from [Root.Religion.GetRandomGodName], ordering [Root.GetObjectPronoun] to declare a great [Root.Religion.GetCrusadeName] on [New.GetTitledName] and the cawing followers of the mad Arab. All free [Root.Religion.GetName] men are invited to feast in their holy places!\n\n [Root.Religion.GetRandomGodNameCap] is mighty!;[Root.GetTitledFirstName] a eu une vision de [Root.Religion.GetRandomGodName], lui ordonnant de déclarer une grande [Root.Religion.GetCrusadeName] contre [New.GetTitledName] et les bruyants disciples de l'Arabe dément. Tous les hommes libres de [Root.Religion.GetName] sont invités à festoyer dans leurs lieux saints !\n\n[Root.Religion.GetRandomGodNameCap] est grand !;[Root.GetTitledFirstName] hatte eine Vision von [Root.Religion.GetRandomGodName], in der [Root.GetObjectPronoun] befohlen wurde, einen großen [Root.Religion.GetCrusadeName] gegen [New.GetTitledName] und die krächzenden Gefolgsleute des verrückten Arabers zu erklären. Alle freien [Root.Religion.GetName] Männer sind aufgerufen, an ihren heiligen Stätten zu schmausen!\n\n [Root.Religion.GetRandomGodNameCap] ist mächtig!;;[Root.GetTitledFirstName] ha tenido una visión de [Root.Religion.GetRandomGodName], ordenando a [Root.GetObjectPronoun] a declarar una gran [Root.Religion.GetCrusadeName] en [New.GetTitledName] y los ruidosos seguidores del Árabe loco. ¡Todos los hombres [Root.Religion.GetName] libres están invitados a celebrar en sus lugares sagrados!\n\n ¡[Root.Religion.GetRandomGodNameCap] es poderoso!;;;;;;;;;x,,,,,,,,,
EVTDESC326;The omens are clear - [Root.GetTitledFirstName] has declared [Root.Religion.GetCrusadeName] on [New.GetTitledName] and the followers of [New.Religion.GetRandomGodName] in the [From.GetFullBaseName]! All free [Root.Religion.GetName] men are encouraged to aid in the conquest of their holy places!\n\n [Root.Religion.GetRandomGodNameCap] will strike down their '[New.Religion.GetRandomGodName]'!;Les présages sont clairs : [Root.GetTitledFirstName] a déclaré une [Root.Religion.GetCrusadeName] à [From.GetFullBaseName] contre [New.GetTitledName] et les disciples de [New.Religion.GetRandomGodName] ! Tous les hommes libres de [Root.Religion.GetName] sont encouragés à se joindre à la reconquête de leurs lieux saints !\n\n [Root.Religion.GetRandomGodNameCap] renversera [New.Religion.GetRandomGodName] !;Die Zeichen sind eindeutig - [Root.GetTitledFirstName] hat [Root.Religion.GetCrusadeName] gegen [New.GetTitledName] und die Gefolgsleute von [New.Religion.GetRandomGodName] in [From.GetFullBaseName] ausgerufen! Alle freien [Root.Religion.GetName] Männer werden aufgefordert, bei der Eroberung ihrer heiligen Stätten zu helfen!\n\n [Root.Religion.GetRandomGodNameCap] wird [New.Religion.GetRandomGodName] vernichten!;;Los presagios son claros, [Root.GetTitledFirstName] ha declarado [Root.Religion.GetCrusadeName] en [New.GetTitledName] y los seguidores de [New.Religion.GetRandomGodName] en el [From.GetFullBaseName]! Se recomienda a todos los hombres [Root.Religion.GetName] libres que ayuden a conquistar sus lugares santos!\n\n ¡[Root.Religion.GetRandomGodNameCap] derribará a [New.Religion.GetRandomGodName]!;;;;;;;;;x,,,,,,,,,,,,,
CRUSADE_DESC_IRO;His Holiness, §Y$POPE$§! has declared a $CRUSADE$ to reclaim all parts of the §Y$TITLE$§! held by §Y$ENEMY$§!.;Sa Sainteté, le §Y$POPE$§! a lancé une $CRUSADE$ pour réclamer tous les parts du §Y$TITLE$§! détenus par §Y$ENEMY$§!.;Seine Heiligkeit, §Y$POPE$§! hat einen $CRUSADE$  verkündet, um alle Teile des §Y$TITLE$§!, die §Y$ENEMY$§! Inne hat, zurückzufordern.;;Su santidad, §Y$POPE$§! ha declarado una $CRUSADE$ para reclamar todas las partes del §Y$TITLE$§! en poder de §Y$ENEMY$§!.;;;;;;;;;x,,,,,,,,
CRUSADE_DESC_DRO_1;Since the Crown of §Y$TITLE$§! is already held by a good [Religion.GetName] ruler - §Y[GetTitledFirstName]§! - all gains will be handed over to [GetObjectPronoun].;Puisque la Couronne de §Y$TITLE$§! est déjà détenue par un bon dirigeant [Root.Religion.GetName] - §Y[GetTitledFirstName]§! -, toutes les conquêtes [GetObjectPronoun] seront remises.;Da die Krone von §Y$TITLE$§! bereits von einem guten [Religion.GetName] Herrscher gehalten wird - §Y[GetTitledFirstName]§! - werden alle Erträge an [GetObjectPronoun] weitergereicht.;;Como la Corona de §Y$TITLE$§! ya está en manos de un buen gobernante [Religion.GetName]  - §Y[GetTitledFirstName]§! - Todas las ganancias serán entregadas a [GetObjectPronoun]. ;;;;;;;;;x
CRUSADE_DESC_DRO_2;Since the Crown of §Y$TITLE$§! is not held by a $RELIGION$ ruler, all gains will be handed over to the ruler who contributes the most to the $CRUSADE$, which is currently §Y$RULER$§!.;Puisque la Couronne de §Y$TITLE$§! n’est pas détenue par un bon dirigeant [Root.Religion.GetName] - §Y[GetTitledFirstName]§! -, toutes les conquêtes seront remises au dirigeant qui participe le plus à la $CRUSADE$, à savoir pour l'instant §Y$RULER$§!.;Da die Krone von §Y$TITLE$§! nicht von einem $RELIGION$ Herrscher gehalten wird, werden alle Erträge an den Herrscher übergeben, die sich am meisten an dem $CRUSADE$ beteiligt haben - hierbei handelt es sich derzeit um §Y$RULER$§!.;;Como la Corona de §Y$TITLE$§! no está en manos de un gobernante $RELIGION$, todas las ganancias serán entregadas al gobernante que aporta más a la $CRUSADE$, que es en la actualidad §Y$RULER$§!;;;;;;;;;x,,,,,,,
PARTICIPATION_SCORE;Contribution to the $CRUSADE$;Contribution à la $CRUSADE$;Beteiligung am $CRUSADE$;;Contribución para la $CRUSADE$ ;;;;;;;;;x,
CLICK_TO_OPEN_WAR_VIEW;§GClick to Open the War View§!;§GCliquez pour ouvrir la Vue des Guerres §!;§Gklicken, um die Kriegs-Ansicht zu öffnen§!;;§GHaz clic para la vista de guerra §!;;;;;;;;;x
EVTNAME620;Successful [From.Religion.GetCrusadeName] for [Root.GetBaseName]!;[From.Religion.GetCrusadeName] réussi pour [Root.GetBaseName]!;Erfolgreicher [From.Religion.GetCrusadeName] für [Root.GetBaseName]!;;Satisfactoria [From.Religion.GetCrusadeName] para [Root.GetBaseName]!;;;;;;;;;x,
EVTDESC620;[From.Religion.GetRandomGodNameCap] has granted [From.GetTitledName] victory in the [From.Religion.GetCrusadeName] for [Root.GetBaseName] against [New.GetTitledName]. [From.RelHead.GetTitledName] has called for a month of celebration!;;;;;;;;;;;;;x
EVTOPTA620;Praise [From.Religion.GetRandomGodName]!;Louons [From.Religion.GetRandomGodName] !;Gepriesen sei [From.Religion.GetRandomGodName]!;;¡Alabemos a [From.Religion.GetRandomGodName]!;;;;;;;;;x,
EVTOPTB620;Fools!;;;;;;;;;;;;;x
EVTNAME621;The [From.Religion.GetCrusadeName] for [Root.GetBaseName] Fails!;La [From.Religion.GetCrusadeName] pour [Root.GetBaseName] a échoué !;Der [From.Religion.GetCrusadeName] für [Root.GetBaseName] wurde abgeblasen!;;¡El [From.Religion.GetCrusadeName] para [Root.GetBaseName] ha hablado! ;;;;;;;;;x,
EVTDESC621;[From.Religion.GetRandomGodNameCap], it seems, does not favour the [From.Religion.GetGroupName] followers. After a string of defeats and setbacks, [From.GetTitledName] has called off the [From.Religion.GetCrusadeName] for [Root.GetBaseName] against [New.GetTitledName].;[From.Religion.GetRandomGodNameCap], semble-t-il, ne favorise pas ses fidèles [From.Religion.GetGroupName]. Après une série de défaites et de revers, [From.GetTitledName] a rappelé [From.Religion.GetCrusadeName] pour [Root.GetBaseName] contre [New.GetTitledName].;[From.Religion.GetRandomGodNameCap], es scheint den [From.Religion.GetGroupName] Gläubigen nicht zu Gute zu kommen. Nach einer Folge von Verlusten und Rückschlägen, hat [From.GetTitledName] den [From.Religion.GetCrusadeName] für [Root.GetBaseName] gegen [New.GetTitledName] abgeblasen.;;[From.Religion.GetRandomGodNameCap], al parecer, no favorece a los [From.Religion.GetGroupName] fieles. Después de una serie de derrotas y retrocesos, [From.GetTitledName] ha hecho un llamamiento de la [From.Religion.GetCrusadeName] para [Root.GetBaseName] contra el [New.GetTitledName]. ;;;;;;;;;x,,,,
EVTDESC69060;The lack of piety I have observed in one of the courtiers makes me worried. I wouldn't want to accuse anyone of being unfilial, but if my suspicions are correct then something needs to be done!;;;;;;;;;;;;;x
EVTOPTA69060;Confront the courtier about the lack of piety;Demandez-lui de s’expliquer sur son manque de piété.;Ihn wegen seiner mangelnden Pietät konfrontieren;;Interrógale acerca de su falta de devoción;;;;;;;;;x,
EVTTOOLTIP69061;[This.GetTitledFirstName] is confronted about [This.GetHerHis] seemingly lack of piety by [Root.GetTitledFirstName];[Root.GetTitledFirstName] a demandé à [This.GetTitledFirstName] de s’expliquer sur son apparent manque de piété.;[Root.GetTitledFirstName] konfrontiert [This.GetTitledFirstName] wegen [This.GetHerHis] vermeintlichem Mangel an Pietät;;[This.GetTitledFirstName] es interrogado por [Root.GetTitledFirstName] acerca de su aparente falta de devoción;;;;;;;;;x,
EVTOPTC69060;I could keep quiet, for a price...;Moyennant finance, je pourrais garder le silence...;Für einen gewissen Preis könnte ich mein Schweigen bewahren ...;;Guardaría silencio a cambio de dinero...;;;;;;;;;x,,,,,,,,,,,,,
EVTTOOLTIP69062;[This.GetTitledFirstName] is blackmailed by [Root.GetTitledFirstName];[This.GetTitledFirstName] fait l’objet d’un chantage de la part de [Root.GetTitledFirstName];[This.GetTitledFirstName] wird von [Root.GetTitledFirstName] erpresst;;[This.GetTitledFirstName] es chantajeado por [Root.GetTitledFirstName];;;;;;;;;x,
EVTDESC69061;Rites have never been one of my great strengths, I do believe in a filial piety but I have trouble accepting all the rituals and demands the teachers of the [Root.Religion.GetName] faith feel necessary. [From.GetTitledFirstName] confronted me about this, I hadn't even realized my lack of piety was so noticeable.;;;;;;;;;;;;;x,,,,,,,,,,,,
EVTOPTA69061;I will prove my piety by good deeds;Moyennant de bonnes actions, je prouverai ma piété.;Ich werde meine Pietät durch gute Taten beweisen;;Demostraré mi devoción con buenas acciones;;;;;;;;;x
EVTOPTB69061;I shrug the question off. I feel no need to explain myself;Qu’importe ! Je ne vois pas pourquoi je devrais m’expliquer.;Ich nehme die Frage gelassen hin. Ich fühle keinen Bedarf, mich zu rechtfertigen;;Ignoro la pregunta. No tengo por qué dar explicaciones.;;;;;;;;;x
EVTDESC69062;All those rituals and demands the teachers of the [Root.Religion.GetName] School feel necessary to prove one's piety is pure nonsense. Despite my feelings about those unnecessary, empty gestures I have always been careful to not show my lack of piety, but perhaps not careful enough. If I don't pay [From.GetTitledFirstName] fifty gold [From.GetSheHe] will expose my lack of piety to everyone!;Toutes les exigences des représentants de l’église [Root.Religion.GetName] pour prouver sa piété n’ont pas de sens. En dépit du fait que je juge tout cela inutile, j’ai toujours eu l’impression de faire attention à ne pas afficher mon manque de piété, mais peut-être pas assez. À défaut de verser cinquante pièces d’or à [From.GetTitledFirstName], [From.GetSheHe] révélera à tout le monde mon manque de foi !;All diese Rituale und Forderungen, welche die Priester der [Root.Religion.GetName]-Kirche zum Beweis für die Pietät der Gläubigen für notwendig erachten, sind purer Blödsinn. Trotz meiner Gefühle über diese unnötigen, leeren Gesten habe ich mich stets bemüht, meinen Mangel an Pietät nicht zu zeigen. Vielleicht war ich dabei nicht vorsichtig genug. Wenn ich [From.GetTitledFirstName] nicht fünfzig Goldstücke zahle, wird [From.GetSheHe] meinen mangelnden Glauben publik machen!;;Todos esos rituales y exigencias que creen preceptivos los curas de la iglesia [Root.Religion.GetName] son absurdos. A pesar de lo que pienso de esas ceremonias sin sentido siempre he procurado no demostrar mi falta de devoción, pero parece que no lo he logrado. ¡Si no entrego a [From.GetTitledFirstName] cincuenta monedas, denunciará públicamente mi falta de devoción!;;;;;;;;;x,,,
EVTDESC3460;A scholar came to court today to talk about matters of morality, but it soon became clear he held rather unorthodox views. Being a zealous defender of the philisophy at all times, I believe I did the right thing when I gave the order to imprison the impudent pedant who dared criticise our understanding of the Way.;;;;;;;;;;;;;x,,,,,,,,,,,,
EVTOPTA3460;I am right!;;;;;;;;;;;;;x
EVTDESC39010;The charismatic man has convinced me. The [Root.Location.Religion.GetName] creed is the true way!;;;;;;;;;;;;;x
EVTOPTA39010;I must spread the word!;Je dois répandre la bonne parole !;Ich muss die Kunde verbreiten!;;¡Debo predicar la palabra!;;;;;;;;;x,
EVTDESC39020;My faith is strong and I am itching to spread the good word to my friends...;Ma foi est solide et je brûle d’envie de répandre la bonne parole auprès de mes amis...;Mein Glaube ist stark, und ich brenne darauf, die frohe Kunde unter meinen Freunden zu verbreiten ...;;Mi fe es fuerte y me impulsa a dar la buena nueva a mis amigos...;;;;;;;;;x,,,,,,,,,,,,,
EVTOPTA39020;Attempt to convert a friend;Je tente de convertir un(e) ami(e).;Versuchen, einen Freund zu konvertieren;;Intenta convertir a un amigo;;;;;;;;;x
EVTTOOLTIP39021;Privately approach [This.GetTitledFirstName];Approchez [This.GetTitledFirstName] en privé.;Privat mit [This.GetTitledFirstName] sprechen;;Aborda en privado a [This.GetTitledFirstName];;;;;;;;;x,
EVTDESC39021;My [GetFromRelation], [From.GetTitledFirstName], is attempting to convert me to [From.GetPossPronoun] heresy.;Mon(Ma) [GetFromRelation], [From.GetTitledFirstName], essaie de me convertir à son hérésie.;Mein/e [GetFromRelation], [From.GetTitledFirstName], versucht, mich zur [From.GetPossPronoun]-Ketzerei zu bekehren.;;Mi [GetFromRelation], [From.GetTitledFirstName], intenta convertirme a su herejía.;;;;;;;;;x,,,,,,
EVTOPTA39021;Embrace the new way!;;;;;;;;;;;;;x
EVTOPTB39021;Demand that [From.GetSubjectPronoun] abandon [From.GetPossPronoun] vile heresy!;Demandez-lui d’abandonner son infâme hérésie !;Verlangen, dass [From.GetSubjectPronoun] [From.GetPossPronoun] abscheuliche Ketzerei aufgibt!;;¡Exígele que abandone su vil herejía!;;;;;;;;;x
EVTOPTC39021;Guards! Throw [From.GetObjectPronoun] in the dungeon!;Gardes ! Au cachot !;Wachen! Werft [From.GetObjectPronoun] ins Verlies!;;¡Guardias! ¡A la mazmorra!;;;;;;;;;x,
EVTOPTD39021;Diplomatically decline;Refusez de façon diplomatique.;Diplomatisch ablehnen;;Niégate diplomáticamente;;;;;;;;;x,
EVTDESC39022;My dear [GetFromRelation] [From.GetFirstName] accepted conversion!;Mon(Ma) cher(e) [GetFromRelation], [From.GetFirstName], a accepté la conversion !;Mein/e liebe/r [GetFromRelation] [From.GetFirstName] konvertierte!;;¡Mi querido [GetFromRelation] [From.GetFirstName] aceptó la conversión!;;;;;;;;;x,,,,,,,,,,,,,
EVTOPTA39022;Great!;;;;;;;;;;;;;x
EVTDESC39023;My [GetFromRelation] [From.GetFirstName] would have me reconsider and embrace the [From.Religion.GetName] way.;Mon(Ma) [GetFromRelation], [From.GetFirstName], voudrait que je me convertisse à la foi [From.Religion.GetName].;Mein/e [GetFromRelation] [From.GetFirstName] will, dass ich es überdenke und den [From.Religion.GetName]-Glauben annehme.;;Mi [GetFromRelation] [From.GetFirstName] me hizo reconsiderar y abrazar la fe [From.Religion.GetName].;;;;;;;;;x,,,,,,,,,,,,
EVTOPTA39023;Never!;Jamais !;Niemals!;;¡Nunca!;;;;;;;;;x,
EVTOPTB39023;[From.GetSubjectPronounCap] is right.;[From.GetSheHeCap] a raison.;[From.GetSubjectPronounCap] hat Recht.;;Tiene razón.;;;;;;;;;x,
EVTDESC39024;Betrayal! The guards are coming for me.;Trahison ! Les gardes viennent me chercher.;Verrat! Die Wachen holen mich ab.;;¡Traición! Los guardias vienen a por mí.;;;;;;;;;x,
EVTOPTA39024;Accept my fate;J’accepte mon sort.;Mein Schicksal akzeptieren;;Acepto mi destino;;;;;;;;;x,
EVTOPTB39024;Attempt to escape;Je tente de m’enfuir.;Fluchtversuch vornehmen;;Intento huir;;;;;;;;;x,
EVTDESC39025;[From.GetFirstName], my [GetFromRelation], remains true to [From.GetPossPronoun] errant beliefs.;[From.GetFirstName], mon(ma) [GetFromRelation], reste fidèle à ses croyances dévoyées.;[From.GetFirstName], mein/e [GetFromRelation], hängt weiter an [From.GetPossPronoun] fehlgeleiteten Glauben.;;[From.GetFirstName], mi [GetFromRelation], sigue fiel a sus creencias profanas.;;;;;;;;;x,,,,,,,
EVTOPTA39025;Well, I did try...;Bon, j’aurai essayé...;Nun, ich versuchte es ...;;Bueno, lo intenté...;;;;;;;;;x,,,,,,,,,,,
EVTDESC39026;[From.GetFirstName] has seen sense and abandoned [From.GetPossPronoun] dangerous heresy.;[From.GetFirstName] a entendu raison et a abandonné sa dangereuse hérésie.;[From.GetFirstName] hat Vernunft angenommen und [From.GetPossPronoun] gefährliche Ketzerei aufgegeben.;;[From.GetFirstName] ha recobrado la cordura y ha abandonado su peligrosa herejía.;;;;;;;;;x,
EVTNAME39100;The Knights of St. John;Les Chevaliers de Saint Jean;Die Ritter des Malteserordens;;Los Caballeros de San Juan;;;;;;;;;x,
#EVTDESC39100;[ThePope.GetTitledFirstName] has issued a bull confirming the formation of a new religious military order - the Knights of St. John. The Knights, who have already protected and cared for sick pilgrims in Jerusalem for some time, now have the full weight of the Catholic church behind them. Pious Christian rulers may call on their support in wars against heretics and heathens, but they will not fight fellow Catholics.;[ThePope.GetTitledFirstName] a émis une bulle confirmant la formation d’un nouvel ordre religieux : les Chevaliers de Saint Jean. Les chevaliers, qui protègent et soignent déjà les pèlerins malades à Jérusalem, bénéficient désormais de l’appui de l’Église catholique. Les pieux souverains chrétiens font appel à eux pour faire la guerre aux hérétiques et aux païens, mais ils ne combattront pas leurs frères catholiques.;[ThePope.GetTitledFirstName] hat über eine Bulle die Gründung eines neuen religiösen Militärordens bestätigt - den Malteserorden. Diese Ritter, die bereits seit einiger Zeit in Jerusalem kranke Pilger beschützt und gepflegt haben, können sich nun der vollen Unterstützung der katholischen Kirche sicher sein. In Kriegen gegen Ketzer und Heiden können gottesfürchtige christliche Herrscher auf ihre Unterstützung zählen. Gegen katholische Glaubensbrüder aber ziehen sie nicht zu Felde.;;[ThePope.GetTitledFirstName] ha publicado una bula confirmando la creación de una nueva orden religiosa y militar: los Caballeros de San Juan. Estos, que ya llevan tiempo protegiendo y cuidando a peregrinos enfermos en Jerusalén, disponen ahora del pleno apoyo de la Iglesia Católica. Los gobernantes cristianos devotos pueden pedirles ayuda en las guerras contra herejes y paganos, pero no lucharán contra otros católicos.;;;;;;;;;x,,,,
EVTOPTA39100;Pro Fide, Pro Utilitate Hominum;Pro Fide, Pro Utilitate Hominum.;Pro Fide, Pro Utilitate Hominum;;Pro Fide, Pro Utilitate Hominum;;;;;;;;;x,,,,,,,,,,,
EVTOPTB39100;Let them come...;Qu’ils viennent...;Lasst sie kommen ...;;Dejad que vengan... ;;;;;;;;;x,
EVTOPTC39100;I have a bad feeling about this...;J’ai un mauvais pressentiment...;Mich beschleicht ein schlechtes Gefühl ...;;Esto me da mala espina...;;;;;;;;;x,
EVTDESC39200;The coffers of the Imperial Palace are full and our loyal servants are struggling against rebels and barbarians. Perhaps we should provide some assistance.;;;;;;;;;;;;;x
EVTOPTA39200;Send an Imperial emissary with funds;;;;;;;;;;;;;x
EVTOPTB39200;Our coffers are not that full;Nos coffres ne sont pas si pleins que cela.;So voll sind unsere Truhen dann auch wieder nicht;;Nuestras arcas no están tan llenas;;;;;;;;;x,
EVTDESC39201;Your honest struggle against the enemy has not gone unnoticed. I have dispatched an Imperial emissary with sufficient funds to assist you.;;;;;;;;;;;;;x
EVTOPTA39201;Wan sui!;;;;;;;;;;;;;x
EVTTOOLTIP39201;[This.GetBestName] receives the money;[This.GetBestName] reçoit l’argent.;[This.GetBestName] erhält das Geld;;[This.GetBestName] recibe el dinero;;;;;;;;;x,
EVTDESC8305;I finally stand before the destination of the Imperial Decree. With sword in hand I am ready to storm the walls of [Root.Location.GetName]!.;;;;;;;;;;;;;x
EVTOPTA8305;May the enemies of Heaven tremble!;;;;;;;;;;;;;x
# Emperor Pope,
EVTDESC39210;One of the Heaven's favored children seems to have been accused of kinslaying. This is clearly unfortunate.  The Emperor will allow him to do penance for absolution.;;;;;;;;;;;;;x un(e) enfant de Dieu est accusé(e) de parricide. C’est tout à fait regrettable. L’Église va lui permettre de faire pénitence pour obtenir l’absolution.;Eines von Gottes liebsten Kindern scheint des Sippenmords angeklagt worden zu sein. Das ist wahrlich bedauernswert. Die Kirche gestattet ihm, zum Erlass seiner Sünden Buße zu tun.;;Uno de los hijos favoritos de Dios ha sido acusado de matar a un familiar. Es muy desafortunado. La iglesia le permitirá hacer penitencia para su absolución.;;;;;;;;;x,,,,,,,,,,,,,
EVTOPTA39210;The Emperor will allow him to do penance for absolution.;L’Église va lui permettre de faire pénitence pour obtenir l’absolution.;Die Kirche gestattet ihm, zum Erlass seiner Sünden Buße zu tun.;;La iglesia le permitirá hacer penitencia para su absolución.;;;;;;;;;x
EVTOPTB39210;It is not our concern.;Cela ne nous regarde pas.;Das geht uns nichts an.;;No es nuestro problema.;;;;;;;;;x,
EVTTOOLTIP39211;will get a visit from one of our emissaries.;va recevoir la visite d’un de nos émissaires.;wird von einem unserer Gesandten besucht werden.;;Te visitará uno de nuestros emisarios.;;;;;;;;;x,
EVTDESC39211;An emissary from [From.GetTitledFirstName] has reached us with a proposal. [From.GetTitle] will grant us absolution for our sins of kinslaying.;Un émissaire de [From.GetTitledFirstName] nous a fait une proposition. [From.GetTitle] accepte de nous accorder l’absolution pour nos péchés de parricide.;Ein Gesandter von [From.GetTitledFirstName] ist bei uns mit einem Vorschlag angekommen. [From.GetTitle] gewährt uns Absolution für unsere sündigen Sippenmorde.;;Un emisario de [From.GetTitledFirstName] nos ha hecho una propuesta. [From.GetTitle] nos dará la absolución por matar a familiares.;;;;;;;;;x,
EVTOPTA39211;I'm on my knees saying Wan sui's.;;;;;;;;;;;;;x
EVTTOOLTIP39212;[From.GetTitle] will be pleased with my devotion.;[From.GetTitle] appréciera ma dévotion.;[From.GetTitle] wird mit meiner Hingabe zufrieden sein.;;[From.GetTitle] estará complacido con mi devoción.;;;;;;;;;x,
EVTOPTB39211;I am not repenting any 'misdeeds'.;Je ne me repens d’aucun 'péché'.;Ich werde überhaupt keine 'Sünden' bereuen.;;No me arrepiento de ningún 'pecado'.;;;;;;;;;x,
EVTTOOLTIP39213;[From.GetTitle] will be upset with my lack of devotion.;[From.GetTitle] risque de ne pas apprécier votre manque de dévotion.;[From.GetTitle] wird sich über meine fehlende Hingabe aufregen.;;[From.GetTitle] estará enojado por mi falta de devoción.;;;;;;;;;x,
EVTDESC39212;[From.GetTitledFirstName] has repented [From.GetHerHis] grave sin of kinslaying. Absolution has been granted. The victim's ghost should rest easy now.;;;;;;;;;;;;;x
EVTOPTA39212;Glory to the Emperor!;;;;;;;;;;;;;x
EVTDESC39213;[From.GetTitledFirstName] refuses to repent [From.GetHerHis] grave sin of kinslaying. [From.GetSheHeCap] will spend a long time in Purgatory...;[From.GetTitledFirstName] refuse de se repentir de son grave péché de parricide. [From.GetSheHeCap] passera beaucoup de temps au purgatoire...;[From.GetTitledFirstName] weigert sich, [From.GetHerHis] Todsünde des Sippenmords zu bereuen. Dafür wird [From.GetSheHeCap] lange im Fegefeuer schmoren ...;;[From.GetTitledFirstName] se niega a arrepentirse de su grave pecado de matar a familiares. Pasará largo tiempo en el purgatorio...;;;;;;;;;x
EVTOPTA39213;May Heaven have mercy on [From.GetHerHis] soul...;;;;;;;;;;;;;x
EVTDESC39220;I am forced to languish in this dungeon, where the evil fiends of [Root.Host.GetTitledFirstName] is torturing my soul.;Me voilà réduit(e) à languir dans ce cachot où les démons de [Root.Host.GetTitledFirstName] torturent mon âme.;Ich muss hier in diesem Kerker schmachten, wo die bösen Unholde von [Root.Host.GetTitledFirstName] meine Seele foltern.;;Me obligan a languidecer en esta mazmorra donde los diablos de [Root.Host.GetTitledFirstName] torturan a mi alma.;;;;;;;;;x,,,,,,,,,,,,,
EVTOPTA39220;Write a letter to the Emperor;;;;;;;;;;;;;x
EVTOPTB39220;Pray for Divine Help;;;;;;;;;;;;;x
EVTTOOLTIP39221;The Emperor will read my desperate plea...;;;;;;;;;;;;;x
EVTTOOLTIP39222;[Root.Host.GetTitledFirstName] will learn of our communication.;[Root.Host.GetTitledFirstName] va être informé(e) de notre communication.;[Root.Host.GetTitledFirstName] wird von unserer Korrespondenz erfahren.;;[Root.Host.GetTitledFirstName] se enterará de nuestra comunicación.;;;;;;;;;x,
EVTDESC39221;We have received a letter from [From.GetTitledFirstName] asking us to intervene on his behalf and ask [From.Host.GetTitledFirstName] to release him from his prison.;Nous avons reçu une lettre de [From.GetTitledFirstName] nous priant d’intercéder en sa faveur pour que [From.Host.GetTitledFirstName] le libère de sa prison.;[From.GetTitledFirstName] bittet uns in einem Brief, [From.Host.GetTitledFirstName] seinethalben um Freilassung aus dem Kerker zu ersuchen.;;Hemos recibido una carta de [From.GetTitledFirstName] para que intervengamos en su nombre y pidamos a [From.Host.GetTitledFirstName] que le libere.;;;;;;;;;x
EVTOPTA39221;The Emperor must be obeyed!;;;;;;;;;;;;;x
EVTOPTB39221;This is a secular matter...;C’est une affaire profane...;Dies ist eine säkulare Angelegenheit ...;;Este es un asunto secular...;;;;;;;;;x,
EVTTOOLTIP39224;His captor will listen to our demand.;Son ravisseur va écouter notre demande.;Sein Geiselnehmer wird unserer Forderung Gehör schenken.;;Su captor escuchará nuestra petición.;;;;;;;;;x,
EVTTOOLTIP39225;[From.GetTitledFirstName] will get disappointed.;[From.GetTitledFirstName] va être déçu(e).;[From.GetTitledFirstName] wird enttäuscht sein.;;[From.GetTitledFirstName] se sentirá decepcionado.;;;;;;;;;x,
EVTDESC39222;We have caught [From.GetTitledFirstName] attempting to smuggle out a letter to the Pope, where he wishes the Emperor to intervene on his behalf.;;;;;;;;;;;;;x
EVTOPTA39222;Slit his throat!;Qu’on lui tranche la gorge !;Schneidet ihm die Kehle durch!;;¡Degüéllale!;;;;;;;;;x,
EVTOPTB39222;Heaven will judge us.;;;;;;;;;;;;;x
EVTDESC39223;The words of [From.GetTitledFirstName] have not gone unnoticed. Is there such a thing as a limit to my power?;;;;;;;;;;;;;x meine Macht scheint grenzenlos zu sein!;;Las oraciones de [From.GetTitledFirstName] no han pasado desapercibidas. ¿Acaso mi poder tiene límite?;;;;;;;;;x
EVTOPTA39223;I can't keep a man of learning imprisoned.;;;;;;;;;;;;;x
EVTOPTB39223;He is still a traitor...;C’est toujours un traître...;Er ist immer noch ein Verräter ...;;Sigue siendo un traidor...;;;;;;;;;x,
EVTDESC39224;[From.GetTitledFirstName] has come to our intervention and written a stern letter to [Root.Host.GetTitledFirstName] demanding our release.;[From.GetTitledFirstName] a intercédé en notre faveur en rédigeant une lettre sévère à l’intention de [Root.Host.GetTitledFirstName] pour lui demander notre libération.;[From.GetTitledFirstName] ist unserethalben eingeschritten und hat in einem strengen Brief an [Root.Host.GetTitledFirstName] unsere Freilassung gefordert.;;[From.GetTitledFirstName] ha atendido nuestra intervención y ha escrito una dura carta a [Root.Host.GetTitledFirstName] para que nos libere.;;;;;;;;;x,
EVTOPTA39224;Praise Heaven!;;;;;;;;;;;;;x
EVTTOOLTIP39226;I am sure [Root.Host.GetTitledFirstName] will release us now.;Je suis sûr(e) que [Root.Host.GetTitledFirstName] va nous libérer.;[Root.Host.GetTitledFirstName] wird uns jetzt sicherlich freilassen.;;Sin duda ahora [Root.Host.GetTitledFirstName] nos liberará.;;;;;;;;;x,
EVTDESC39225;A secret messenger from [From.GetTitledFirstName] has arrived, telling me that the Emperor can do nothing to help me..;;;;;;;;;;;;;x dass der Heilige Vater mir nicht helfen kann ...;;Ha llegado un mensajero secreto de [From.GetTitledFirstName] y me ha dicho que el Santo Padre no puede ayudarme...;;;;;;;;;x,,,,,,,,,,,,,
EVTOPTA39225;Heaven!,Heaven!, why have you forsaken me?;Mon Dieu, mon Dieu, pourquoi m’avez-vous abandonné(e) ?;Mein Gott, mein Gott, warum hast du mich verlassen?;;Dios mío, ¿por qué me has abandonado?;;;;;;;;;x,,,,,,,,
EVTDESC39226;A letter has arrived from the Emperor. He demands that we release [From.GetTitledFirstName] from our prison and submit to the will of Heavens.;Une lettre du Saint-Père est arrivée. Il nous demande de libérer [From.GetTitledFirstName] et de nous soumettre à la volonté de Dieu.;Ein Brief des Heiligen Vaters ist eingetroffen. Er verlangt, dass wir [From.GetTitledFirstName] aus unserem Kerker freilassen und ihm dem Willen Gottes überstellen.;;Ha llegado una carta del Santo Padre. Pide que liberemos a [From.GetTitledFirstName] y le sometamos a la voluntad de Dios.;;;;;;;;;x
EVTOPTA39226;I bend my knee to the Imperial Throne;;;;;;;;;;;;;x
EVTOPTB39226;I am [Root.County.Holder.PrimaryTitle.GetRulerTitle]!;Je suis [Root.County.Holder.PrimaryTitle.GetRulerTitle] !;Ich bin [Root.County.Holder.PrimaryTitle.GetRulerTitle]!;;¡Soy [Root.County.Holder.PrimaryTitle.GetRulerTitle]!;;;;;;;;;x,
EVTOPTA_RoI_203;Tell me more...;Je veux en savoir davantage...;Erzählt mir mehr…;;Cuéntame más...;;;;;;;;x;;;;;;;;;;;;;,
EVTOPTB_RoI_203;If you have finished talking, you may leave.;Si vous en avez fini, vous pouvez partir.;Wenn Ihr Eure Erzählung beendet habt, könnt Ihr gehen.;;Si has terminado de hablar, puedes irte.;;;;;;;;x;;;;;;;;;;;;;,,,,,,,,,,,
EVTDESC_RoI_204;The yogi continues to elaborate on the way of ascetism and yoga and how to live a spiritual life through discipline and mediation.;Le yogi continue à vous parler de la voie de l'ascétisme et du yoga, et de la manière de vivre une vie spirituelle par l'entremise de la discipline et de la méditation.;Der Yogi fährt fort, über die Wege der Askese und das spirituelle Leben durch Disziplin und Meditation zu erklären.;;El yogui continúa relatando el camino del ascetismo y el yoga y cómo vivir una vida espiritual a través de la disciplina y la meditación.;;;;;;;;x;;;;;;;;;;;;;,,,,,,,,,,,,,
EVTOPTA_RoI_204;You have convinced me. I too shall embrace yoga and ascetism!;Tu m'as convaincu. Moi aussi je pratiquerai le yoga et l'ascétisme !;Ihr habt mich überzeugt! Ich werde Yoga und Askese annehmen!;;Me has convencido. ¡Practicaré el yoga y el ascetismo!;;;;;;;;x;;;;;;;;;;;;;,
EVTOPTB_RoI_204;You are wise. I shall take up the Hindu faith.;Tu es sage. J'adopterai la religion hindoue.;Ihr seid weise. Ich werde den Hindu-Glaube annehmen.;;Eres sabio. Debo aceptar la fe hindú.;;;;;;;;x;;;;;;;;;;;;;,
EVTOPTC_RoI_204;On second thought, this is perhaps not for me.;En y réfléchissant bien, je pense que ce n'est pas pour moi.;Vielleicht ist das doch nicht das Richtige für mich.;;Pensándolo mejor, creo que no es para mí.;;;;;;;;x;;;;;;;;;;;;;,,,,,,,,,,,,
EVTDESC_RoI_206;A Buddhist yogi has appeared at your court, seeking audience. He speaks to you of the ways of the Buddha and of how to reach wisdom by rejecting excess and moderating your desires.;Un yogi bouddhiste se présente à votre cour et vous demande audience. Il vous parler de l'enseignement du Bouddha et de la manière d'accéder à la sagesse en rejetant les excès et en modérant ses désirs.;Ein buddhistischer Yogi erschien an Eurem Hof und bat um eine Audienz. Er spricht von den Wegen des Buddha und wie man Weisheit durch das Zurückweisen von Überfluss und dem Beherrschen der Wünsche erreicht.;;Un yogui budista aparece en tu corte, buscando audiencia. Habla de los caminos del Buda y de cómo alcanzar la sabiduría rechazando el exceso y moderando los deseos.;;;;;;;;x;;;;;;;;;;;;;,,,,,,,,,,,,,
EVTOPTC_RoI_206;I don't need your pseudo-philosophy. Guards, throw him out!;Je n'ai pas besoin de cette pseudo-philosophie. Gardes, jetez-moi ça dehors !;Ich brauche Eure Pseudo-Philosophie nicht. Wachen, werft ihn raus!;;No necesito tu seudo-filosofía. ¡Guardias, echadle!;;;;;;;;x;;;;;;;;;;;;;,,,,,,,,,,,
EVTOPTA_RoI_207;You have convinced me. It's Buddha time...;Tu m'as convaincu. Bouddha, je viens à toi...;Ihr habt mich überzeugt. Es ist Zeit für Buddha…;;Me has convencido. Hora de Buda...;;;;;;;;x;;;;;;;;;;;;;
EVTOPTB_RoI_207;You are wise. I shall take up the Buddhist faith.;Tu es sage. J'adopterai le bouddhisme.;Ihr seid weise. Ich werde den Glaube an Buddha annehmen.;;Eres sabio. Debo aceptar la fe budista.;;;;;;;;x;;;;;;;;;;;;;,
EVTOPTC_RoI_207;On second thought, this is perhaps not for me.;En y réfléchissant bien, je pense que ce n'est pas pour moi.;Vielleicht ist das doch nicht das Richtige für mich.;;Pensándolo mejor, creo que no es para mí.;;;;;;;;x;;;;;;;;;;;;;,,,,,,,,,,,,
EVTDESC39240;There are rumors that one of your vassals is employing a barbarian in their court. This is not acceptable to the Literati. We must do something or face the consequences...;;;;;;;;;;;;;x
EVTOPTA39240;Demand strict adherence to Confucianism!;;;;;;;;;;;;;x
EVTOPTB39240;It is not our concern.;Ceci ne nous regarde pas.;Das ist nicht unsere Angelegenheit.;;No es asunto nuestro.;;;;;;;;;x,
EVTTOOLTIP392401;will hear the Imperial emissary!;;;;;;;;;;;;;x
EVTDESC39244;Treason abounds your highness. A messenger from [From.GetBestName] is stating that [From.GetSheHe] refuses to follow our demands.;;;;;;;;;;;;;x an dem er Freudenschreie aus den Tiefen der Hölle erklingen lies. Ein Gesandter von [From.GetBestName] behauptet, dass [From.GetSheHe] sich weigert, unseren Forderungen nachzukommen. ;;El día de hoy ha provocado que se eleven gritos de gozo desde los abismos del infierno. Un emisario de [From.GetBestName] afirma que [From.GetSheHe] rechaza cumplir con nuestras peticiones.;;;;;;;;;x,,,,,,,,,,,,
EVTOPTA39244;I see…;;;;;;;;;;;;;x
EVTOPTA8300;For the Emperor! Wan sui!;;;;;;;;;;;;;x
EVTOPTA8301;Praise Heaven! Wan sui!;;;;;;;;;;;;;x
EVTDESC8300;Our armies now stand poised to take part in the [Root.Religion.GetCrusadeName] for the [Root.Location.Kingdom.GetFullBaseName].;Nos armées, assurées de la victoire, sont prêtes à prendre part à la [Root.Religion.GetCrusadeName] pour le [Root.Location.Kingdom.GetFullBaseName].;Unsere Armeen stehen bereit, um sich am [Root.Religion.GetCrusadeName] vom [Root.Location.Kingdom.GetFullBaseName] zu beteiligen.;;Nuestros ejercitos se encuentran preparados para formar parte en la [Root.Religion.GetCrusadeName] por [Root.Location.Kingdom.GetFullBaseName].;;;;;;;;;x,,,,,,,,,,,,
#Protection,
EVTDESC39250;An emissary comes from [From.GetBestName], with hopes of buying favor for [From.GetHerHis] . While [From.GetSheHe] may not have committed any transgressions against the court, this tribute shows sincere dedication to the Imperial Throne.;;;;;;;;;;;;;x,,,,,,,,,,,,
EVTOPTA39250;Accept the Tribute;;;;;;;;;;;;;x
EVTTOOLTIP39251;will cry tears of joy at our reply.;pleurera des larmes de joie en voyant notre réponse.;wird Tränen der Freude weinen nach unserer Antwort.;;llorará lágrimas de gozo con nuestra respuesta.;;;;;;;;;x,
EVTDESC39251;The Divine Emperor has granted us absolution!;;;;;;;;;;;;;x
EVTOPTA39251;Wan Sui!;;;;;;;;;;;;;x
#Religion,
EVTDESC3385;I would be content with performing the ancestral rites every other week, but if I don't show up the scholars scold me and tell me I should set a better example for my subjects.;;;;;;;;;;;;;x
EVTDESC75004;There is no man better at increasing the Court's opinion of me or teach me to become a more pious [Root.GetManWoman] than my Lord Spiritual [Root.job_spiritual.GetTitledFirstName]!;;;;;;;;;;;;;x
EVTOPTA75004;I need you to talk to the Court, [Root.job_spiritual.GetTitledFirstName];;;;;;;;;;;;;x
EVTOPTB75004;Teach me to be a pious [Root.GetManWoman], [Root.job_spiritual.GetTitledFirstName];;;;;;;;;;;;;x
EVTDESC3455;I expressed my views on the whole 'Heaven' thing a bit too loudly and got into some trouble with a well known scholar because of it.;;;;;;;;;;;;;x
EVTOPTA3455;Heaven is a joke!;;;;;;;;;;;;;x
EVTDESC3465;My zeal and philosophy have led me to become more respected and given me more prestige every day.;;;;;;;;;;;;;x
EVTOPTA3465;If I had known this sooner...;Si j'avais su cela plus tôt...;Hätte ich das nur früher gewusst ...;;Si lo hubiera sabido antes...;;;;;;;;;x,
EVTDESC3470;There's always something to do in the [Root.Religion.GetName] Way. The more time I spend studying, the more I appreciate the calm and feel connected to the Way.;;;;;;;;;;;;;x plus j'apprécie le calme qui y règne et plus je me sens proche de mon Dieu.;In der [Root.Religion.GetName] Kirche gibt es immer etwas zu tun. Je mehr Zeit ich dort verbringe, desto mehr schätze ich die Ruhe, und desto näher fühle ich mich meinem Gott.;;Siempre hay algo que hacer en la iglesia [Root.Religion.GetName]. Cuanto más tiempo paso allí, más valoro la calma y más conectado me siento a Dios.;;;;;;;;;x,,,,,,,,,,
EVTOPTA3470;Is there anything else I can do?;Y a-t-il autre chose que je puisse faire ?;Was kann ich noch tun?;;¿Hay alguna otra cosa que pueda hacer?;;;;;;;;;x,
EVTOPTB3470; I want to stay here!;Je veux rester ici !;Ich will hierbleiben!;; ¡Quiero quedarme aquí!;;;;;;;;;x,
EVTTOOLTIP3471;feels neglected;[Root.Spouse.GetTitledFirstName] se sent négligé(e).;fühlt sich vernachlässigt;;se siente abandonado;;;;;;;;;x,
EVTDESC3471;Ever since [From.GetFirstName] became engaged in various philosophical activities, or, rather, started following every order from the scholars and wasting time, [From.GetSheHe] has stopped spending time with me.;;;;;;;;;;;;;x,,,,,,,,,,
EVTOPTA3471;I feel neglected;Je me sens négligé(e).;Ich fühle mich vernachlässigt;;Me siento abandonado;;;;;;;;;x,
EVTTOOLTIP3472;[This.GetTitledFirstName] is obsessed and I will tell [This.GetHerHim] that!;[This.GetTitledFirstName] est obsédé(e) et je compte bien le lui dire !;[This.GetTitledFirstName] ist besessen, und ich werde es [This.GetHerHim] sagen!;;¡[This.GetTitledFirstName] está obsesionado y se lo diré!;;;;;;;;;x
EVTDESC3472;I have had little time for [From.GetTitledFirstName] since I became engaged in various philosophical activities.;;;;;;;;;;;;;x
EVTOPTA3472;Why do you always complain?;Vous passez votre temps à vous plaindre !;Warum beschwert Ihr Euch immer?;;¿Por qué te quejas siempre?;;;;;;;;;x,
EVTDESC3475;The court is a greedy thing that always needs more 'donations' but I have deep pockets and it's for a good cause.;;;;;;;;;;;;;x
EVTOPTA3475;Thinner wallet but thicker soul...;Un portefeuille plus mince mais une âme plus profonde...;Der Geldbeutel schrumpft, aber die Seele wächst ...;;La bolsa delgada pero el alma gruesa...;;;;;;;;;x
EVTDESC39243;An emissary has returned from [From.GetBestName] bearing glorious news. The emissary says that [From.GetTitledFirstName] has agreed to imprison a heathen that was in [From.GetHerHis] court.;Un émissaire provenant de [From.GetBestName] apporte de grandes nouvelles. Il vous informe que [From.GetTitledFirstName] a accepté d'emprisonner un païen de sa Cour.;Ein Gesandter ist von [From.GetBestName] zurückgekehrt - mit glorreichen Nachrichten. Der Gesandte sagt, dass [From.GetTitledFirstName]zugestimmt habe, einen Heiden einzusperren, der sich an [From.GetHerHis] Hofe befand.;;Ha regresado un emisario de [From.GetBestName] con gloriosas noticias. El emisario dice que [From.GetTitledFirstName] ha aceptado encarcelar a un pagano de su corte.;;;;;;;;;x,,,,,,,,,,,,
EVTOPTA39243;Glory to Heaven!;;;;;;;;;;;;;x
EVTDESC65034;The guilt is burning through me, every second is pure agony mixed with shame. I have never felt so guilty, so impious...;La culpabilité me ronge. Chaque seconde qui passe est une pure agonie mêlée à de la honte. Je ne me suis jamais senti(e) si coupable...;Die Schuld brennt in mir, jede Sekunde ist purer Schmerz und Scham. Noch nie habe ich mich so schuldig, so sündig gefühlt ...;;La culpa me abrasa, cada segundo es una mezcla de agonía y vergüenza. Nunca me he sentido tan culpable, tan pecador...;;;;;;;;;x,,,,,,,,,
EVTOPTA65034;I ease my guilt with meditation and fasting;;;;;;;;;;;;;x
EVTOPTB65034;Donate to local temples to ease some of my guilt;;;;;;;;;;;;;x
#Duel,
EVTDESC100410;For too long I have ignored the constant affronts from my rival [duel_rival.GetFirstName] [duel_rival.GetOnlyDynastyName], my honor demands I ask my liege [Root.Liege.GetTitledFirstName] for permission to challenge [duel_rival.GetHerHim] to a duel.;Pendant trop longtemps, j'ai ignoré les affronts permanents de mon ennemi mais mon honneur exige que je demande à mon Seigneur [Root.Liege.GetTitledFirstName] la permission de défier mon rival en duel.;Zu lange habe ich die kontinuierlichen Brüskierungen meines Rivalen ignoriert, doch meine Ehre verlangt, dass ich meinen Lehnsherren [Root.Liege.GetTitledFirstName] um Erlaubnis bitte, meinen Rivalen zum Duell zu fordern.;;Durante mucho tiempo he hecho caso omiso a los constantes agravios de mi rival, pero mi honor exige que le pida a mi señor [Root.Liege.GetTitledFirstName] permiso para desafiar a mi rival a un duelo.;;;;;;;;;x,,,,,,,,,
EVTDESC100411;Though I had thought [From.GetTitledFirstNameNoRegnal] to be a more reasonable [From.GetManWoman], [From.GetHerHis] request to be allowed to duel [duel_rival.GetFirstName] [duel_rival.GetOnlyDynastyName], [From.GetHerHis] rival, was slightly... erratic. [From.GetTitledFirstName] claimed to be constantly subject to affronts from [From.GetHerHis] rival and asked for permission to defend [From.GetHerHis] honor.;Je pensais que [From.GetTitledFirstName] était un homme raisonnable, et j'ai trouvé sa demande d'autorisation pour un duel légèrement fantasque. [From.GetTitledFirstName] prétend être la victime d'affronts permanents de la part de son rival et me demande la permission de défendre son honneur.;Auch wenn ich [From.GetTitledFirstName] für einen vernünftigeren Mann gehalten habe, war [From.GetHerHis] Anliegen, [From.GetHerHis] Rivalen duellieren zu dürfen, etwas... launisch. [From.GetTitledFirstName] behauptet, dass er ein ständiges Ziel der Brüskierungen [From.GetHerHis] Rivalen ist und bittet um Erlaubnis, [From.GetHerHis] Ehre zu verteidigen.;;Aunque pensaba que [From.GetTitledFirstName] era un hombre más razonable, [From.GetHerHis] solicitud de que se le permitiera retar a duelo a [From.GetHerHis] rival era un poco ... errática. [From.GetTitledFirstName] decía ser objeto constante de afrentas por parte de [From.GetHerHis] rival y me pidió permiso para defender [From.GetHerHis] honor.;;;;;;;;;x,,,,,
EVTTOOLTIP100415;is challenged to a duel...;est blessé par [Root.GetTitledFirstName] au cours du duel.;wurde von [Root.GetTitledFirstName] im Duell verwundet;;es herido por [Root.GetTitledFirstName] en el duelo;;;;;;;;;x,
EVTDESC100415;[From.GetFirstNameNoRegnal] [From.GetOnlyDynastyName] had to ask permission from [From.GetHerHis] liege [From.Liege.GetTitledFirstName] in order to be able to challenge me to a duel. Honour dictates that I must now accept this challenge.;[From.GetTitledFirstName] a dû demander la permission à son Seigneur [From.Liege.GetTitledFirstName] afin de pouvoir m'affronter en duel. J'ai accepté, évidemment. Que pouvais-je faire d'autre ?;[From.GetTitledFirstName] musste [From.GetHerHis] Lehnsherren [From.Liege.GetTitledFirstName] um Erlaubnis bitten, um mich zu einem Duell herauszufordern. Ich habe natürlich akzeptiert, was blieb mir auch anderes übrig?;;[From.GetTitledFirstName] había pedido permiso a [From.GetHerHis] señor [From.Liege.GetTitledFirstName] para poder retarme a duelo. Acepté, por supuesto, ¿qué otra cosa podía hacer?;;;;;;;;;x,,,,,,,,,,
EVTOPTA100415;I accept!;Ce corniaud a réussi à me blesser !;Dieser Bastard hat es geschafft, mich zu verwunden!;;¡Ese bastardo fue capaz de herirme!;;;;;;;;;x
EVTOPTB100415;I will not risk myself;J'ai réussi à l'assommer avant que quiconque ne soit blessé.;Es gelang mir, [From.GetHerHim] besinnungslos zu schlagen, bevor jemand verletzt werden konnte;;Me las arreglé para dejarle inconsciente antes de que nadie resultara herido;;;;;;;;;x,,,,,,,,,,,,,
EVTDESCfriends_rivals.411;The cowardly [From.GetTitledFirstNameNoRegnal] [From.GetOnlyDynastyName] did not accept my challenge to a duel, and has lost much honour and respect as a result.;;;;;;;;;;;;;x
EVTOPTAfriends_rivals.411;[From.GetSheHeCap] is clearly scared of me! ;;;;;;;;;;;;;x
#Event,
EVTOPTA4140;Rest in peace;;;;;;;;;;;;;x
EVTDESC3406;The palace had just added some very beautiful statues and as I and [From.GetTitledFirstName] contemplated the pieces a scholar approached us and asked what we thought about them. I had thought about the symbolism of the statues while [From.GetTitledFirstName] just repeated what I had said.;;;;;;;;;;;;;x
EVTDESC3370;I told the scholar about my ambitions and asked if there were anything he could do to help me.;;;;;;;;;;;;;x
EVTOPTA3370;He said 'yes'!;Il a dit 'oui' !;Er bejahte!;;¡Dijo que sí!;;;;;;;;;x,
REL_HEAD_SUCCESSION_LOG;§Y$OLD_REL_HEAD$§! has died and been succeeded by §Y$NEW_REL_HEAD$§!.;§Y$OLD_REL_HEAD$§! n’est plus et §Y$NEW_REL_HEAD$§! lui a succédé.;§Y$OLD_REL_HEAD$§! ist gestorben. §Y$NEW_REL_HEAD$§! trat seine Nachfolge an.;;§Y$OLD_REL_HEAD$§! ha muerto y §Y$NEW_REL_HEAD$§! le sucede.;;;;;;;;;x,
#Knights,
EVTDESC3012;One of my ministers is embroiled in a deep argument with one of his rivals about who is the legal heir to a small plot of land. This has a risk to turn into a feud in my demesne, so I have to make a judgement.;;;;;;;;;;;;;x
EVTOPTA3012;Spend time and money investigating the truth.;J'investis du temps et de l'argent pour enquêter et découvrir la vérité.;Zeit und Geld auf die Aufdeckung der Wahrheit aufwenden.;;Gastar tiempo y dinero investigando la verdad.;;;;;;;;;x,
EVTOPTB3012;Let the Emperor decide.;;;;;;;;;;;;;x
EVTOPTC3012;The money belongs to the state.;;;;;;;;;;;;;x
EVTDESC70031;I was simply passing time at the tournament when I saw two swordsmen argue over honor. I knew straight away that the argument was spurious and the result would be unnecessary bloodshed. So I stepped in and prevented it.;;;;;;;;;;;;;x
EVTOPTA70031;I am more diplomatic than I thought.;Je suis plus diplomate que je le pensais.;Ich kann diplomatischer sein, als ich dachte.;;Soy más diplomático de lo que pensaba.;;;;;;;;;x
EVTDESC70032;I was simply passing time at the tournament when I saw two swordsmen argue over honor. I knew straight away that the argument was spurious and the result would be unnecessary bloodshed. I attempted to mediate the dispute and they told me that at least one of them would survive the resulting duel.;;;;;;;;;;;;;x
EVTOPTA70032;Oh;Oh !;Oh;;Ups.;;;;;;;;;x,
#Monks,
EVTDESC3000;I managed to blame some scholars at a nearby tavern for one of my more sensuous songs of courtly love.;;;;;;;;;;;;;x
EVTOPTA3000;Keep silent about it.;;;;;;;;;;;;;x
EVTOPTB3000;Confess my immorality.;;;;;;;;;;;;;x
#Impiety,
EVTDESC4040;The scholar accuses a couple of villagers of impiety after he heard them take the Emperor's name in vain. The blacksmith did it when he hit his thumb with the hammer, the stablemaster when a horse kicked him and the cook when a rat fell into the stew.;Le prêtre accuse des villageois de blasphème après les avoir entendus invoquer en vain le nom de Dieu : le forgeron en se donnant un coup de marteau sur le pouce, le Maître des Écuries en recevant un coup de sabot et la cuisinière en voyant tomber un rat dans son ragoût.;Der Priester klagt einige Dörfler der Blasphemie an, nachdem er hörte, wie sie den Namen des Herrn missbrauchten. Der Schmied tat es, als er sich mit dem Hammer auf den Daumen schlug, der Stallmeister, als ein Pferd ihn trat, und der Koch, als eine Ratte in die Suppe fiel.;;El cura acusó a unos aldeanos de blasfemia tras oírles usar el nombre de Dios en vano. El herrero lo hizo al golpearse el pulgar con el martillo, el caballerizo cuando le coceó un caballo y el cocinero cuando cayó una rata en el guiso.;;;;;;;;;x,,,,,
EVTOPTA4040;So what?;Et alors ?;Na und?;;¿Y qué más da?;;;;;;;;;x,
EVTOPTB4040;A couple of days in the dungeons should be fine;Quelques jours de cachot leur feront le plus grand bien.;Ein paar Tage im Verlies sollten reichen;;Un par de días en la mazmorra bastarían;;;;;;;;;x,
EVTOPTC4040;Only the cook should be punished, I could have been poisoned!;Seule la cuisinière doit être punie, j'aurais pu être empoisonné(e) !;Nur der Koch sollte bestraft werden - ich hätte mich vergiften können!;;¡Solo debería castigarse al cocinero, podría haberme envenenado!;;;;;;;;;x,,,,,,,,,,,,
EVTOPTD4040;This is a disgrace! They should be hanged!;Quelle honte ! Il faut les pendre !;Das ist eine Schande! Sie sollten alle gehängt werden!;;¡Es una vergüenza! ¡Deberían colgarles!;;;;;;;;;x,
#Family,
EVTDESC_WOL_3032;My [GetFromRelation] [From.GetFirstName] can always rely on me for aid. I try to help out whenever and however I can, out of respect, if not love.;;;;;;;;;;;;;x,,,,,,,,,,,,
#Rival,
EVTDESC100500;Praise [Root.Religion.GetRandomGodName]! My fierce rival has also become a follower of the Way!;;;;;;;;;;;;;x
#WoL,
EVTDESC94018;History is a subject that has always fascinated you, and you have spent the last few weeks studying the campaigns of Qin Shi Huang. There are many lessons to be learned from his conquests.;;;;;;;;;;;;;x
EVTDESC_94019;After many months studying the campaigns of Sun Wu you have acquired many fascinating insights and gained new wisdom in military matters. You realize that the Art of War might be well worth studying.;;;;;;;;;;;;;x
EVTDESC_WOL_1036;After a few probing exchanges, I realized that [FromFrom.GetTitledFirstNameNoRegnal] was no master of the blade. I defeated [FromFrom.GetObjectPronoun] easily, proving [FromFrom.GetPossPronoun] guilt, and that of my [GetFromFromFromFromRelation] [FromFromFromFrom.GetFirstName]...;Après quelques échanges curieux, j'ai vite remarqué que [FromFrom.GetTitledFirstNameNoRegnal] était loin d'être un maître épéiste. Je l'ai vaincu facilement, prouvant ainsi sa culpabilité et celle de m[FromFromFromFrom.GetHerHis] [GetFromFromFromFromRelation] [FromFromFromFrom.GetFirstName]...;Nach einigen Hieben stellte ich fest, dass [FromFrom.GetTitledFirstNameNoRegnal] kein Meister des Schwertes ist. Ich besiegte [FromFrom.GetObjectPronoun] leicht und bewies [FromFrom.GetPossPronoun] Schuld und die meiner/s [GetFromFromFromFromRelation] [FromFromFromFrom.GetFirstName]...;;Tras unos intercambios de prueba, me di cuenta que [FromFrom.GetTitledFirstNameNoRegnal] no era ningún/ ninguna maestro/maestra de la espada. [FromFrom.GetObjectPronoun] he derrotado fácilmente, demostrando su culpabilidad y la de mi [GetFromFromFromFromRelation] [FromFromFromFrom.GetFirstName]...;;;;;;;;;x,,,,,,,
EVTDESC_WOL_1036_WOUND;The duel with [FromFrom.GetTitledFirstNameNoRegnal] was hard fought, but in the end I proved the better [Root.GetManWoman]. Though [FromFrom.GetSubjectPronoun] managed to cut me, I have proven [FromFrom.GetPossPronoun] guilt, and that of my [GetFromFromFromFromRelation] [FromFromFromFrom.GetFirstName].;Le duel contre [FromFrom.GetTitledFirstNameNoRegnal] était rude, mais j'en suis sorti vainqueur. Bien qu'il soit parvenu à me blesser, j'ai prouvé sa culpabilité, et celle de m[FromFromFromFrom.GetHerHis] [GetFromFromFromFromRelation] [FromFromFromFrom.GetFirstName].;Das Duell mit [FromFrom.GetTitledFirstNameNoRegnal] war erbittert, aber am Ende zeigte sich, dass ich der/die bessere [Root.GetManWoman] bin. Obwohl [FromFrom.GetSubjectPronoun] mich verletzen konnte, habe ich [FromFrom.GetPossPronoun] Schuld bewiesen und die von meiner/m [GetFromFromFromFromRelation] [FromFromFromFrom.GetFirstName].;;El duelo con [FromFrom.GetTitledFirstNameNoRegnal] fue una lucha complicada, pero al final demostré ser mejor [Root.GetManWoman]. Aunque [FromFrom.GetSubjectPronoun] logró cortarme, he demostrado su culpabilidad y la de mi [GetFromFromFromFromRelation] [FromFromFromFrom.GetFirstName]. ;;;;;;;;;x,,,,
EVTDESC_WOL_1036_MAIM;[FromFrom.GetTitledFirstNameNoRegnal] proved to be a formidable opponent. Though I won in the end, I lost three fingers and took several wounds in the process. I have proven [FromFrom.GetPossPronoun] guilt, and that of my [GetFromFromFromFromRelation] [FromFromFromFrom.GetFirstName]!;[FromFrom.GetTitledFirstNameNoRegnal] s'est révélé être un adversaire redoutable. Malgré ma victoire, j'ai perdu trois doigts et j'ai reçu plusieurs blessures sur le torse. J'ai néanmoins prouvé sa culpabilité et celle de [FromFromFromFrom.GetFirstName], [GetFromFromFromFromRelation] de [FromFrom.GetTitledFirstNameNoRegnal] !;[FromFrom.GetTitledFirstNameNoRegnal] hat sich als starker Gegner entpuppt. Auch wenn ich letztlich siegreich war, wurde ich im Kampf mehrfach verwundet und verlor drei Finger. Ich habe [FromFrom.GetPossPronoun] Schuld bewiesen und die meiner/s [GetFromFromFromFromRelation] [FromFromFromFrom.GetFirstName]!;;[FromFrom.GetTitledFirstNameNoRegnal] demostró para ser un oponente formidable. Aunque gané al final, perdí tres dedos y recibí varias heridas en el proceso. He demostrado su culpabilidad y la de mi [GetFromFromFromFromRelation] [FromFromFromFrom.GetFirstName]. ;;;;;;;;;x,,,,,,,,,
EVTOPTA_WOL_1036;I allowed [FromFrom.GetObjectPronoun] to yield unscathed, having lost [FromFrom.GetPossPronoun] sword;Je lui ai permis de se rendre sans blessures après la perte de son épée;Ich gestattete [FromFrom.GetObjectPronoun], sich unversehrt zu ergeben, da [FromFrom.GetPossPronoun] Schwert verloren war;;Permití que se rindiese ilesa/ ileso, tras perder la espada.;;;;;;;;;x,,,,,,,,,,,
EVTOPTB_WOL_1036;[FromFrom.GetSubjectPronoun] yielded after I pierced [FromFrom.GetPossPronoun] shoulder;[FromFrom.GetSubjectPronoun] s'est rendu après que je l'aie blessé à l'épaule;[FromFrom.GetSubjectPronoun] ergab sich, nachdem ich [FromFrom.GetPossPronoun] Schulter durchbohrte;;Se rindió tras atravesar su hombro.;;;;;;;;;x
EVTOPTC_WOL_1036;Bleeding from several cuts, [FromFrom.GetSubjectPronoun] yielded only when I took [FromFrom.GetPossPronoun] hand off!;Saignant de maintes blessures, il s'est rendu uniquement quand je lui ai coupé la main !;Auch nachdem er/sie aus mehreren Wunden blutete, ergab [FromFrom.GetSubjectPronoun] sich erst, als ich [FromFrom.GetPossPronoun] Hand abhieb!;;¡Aun sangrando por varios cortes, sólo se rindió sólo cuando le corté la mano!;;;;;;;;;x,,,,,,,,,,
EVTOPTD_WOL_1036;I pierced [FromFrom.GetPossPronoun] heart. A suitable end to the [GetRootFromInsult]!;Je lui ai percé le cœur. Une fin parfaite pour cette espèce [GetRootFromInsultNounAdj] !;Ich durchbohrte [FromFrom.GetPossPronoun] Herz. Das passende Ende für einen dieser [GetRootFromInsult]!;;Atravesé su corazón. ¡Un final adecuado para ese/ esa [GetRootFromInsult]!;;;;;;;;;x,
EVTDESC_WOL_1039;After a few probing exchanges, I realized that [FromFrom.GetTitledFirstNameNoRegnal] was no master of the blade. I defeated [FromFrom.GetObjectPronoun] easily, proving my innocence and that of [wol_lover_duel_spouse.GetOnlyDynastyName] [wol_lover_duel_spouse.GetFirstName].;Après quelques échanges curieux, j'ai vite remarqué que [FromFrom.GetTitledFirstNameNoRegnal] était loin d'être un maître épéiste. Je l'ai vaincu facilement, prouvant ainsi mon innocence et celle de m[wol_lover_duel_spouse.GetOnlyDynastyName] [wol_lover_duel_spouse.GetFirstName] [FromFromFromFrom.GetFirstName]...;Nach einigen Hieben stellte ich fest, dass [FromFrom.GetTitledFirstNameNoRegnal] kein Meister des Schwertes ist. Ich besiegte [FromFrom.GetObjectPronoun] leicht und bewies meine Unschuld und die meiner/s [GetFromFromFromFromRelation] [FromFromFromFrom.GetFirstName].;;Tras unos intercambios de prueba, me di cuenta que [FromFrom.GetTitledFirstNameNoRegnal] no era ningún/ ninguna maestro/maestra de la espada. [FromFrom.GetObjectPronoun] he derrotado fácilmente, demostrando mi inocencia y la de mi [FromFromFromFrom.GetHerHis] [GetFromFromFromFromRelation]. ;;;;;;;;;x,,,,,,,,
EVTDESC_WOL_1039_WOUND;The duel with [From.GetTitledFirstNameNoRegnal] was hard fought, but in the end I proved the better [Root.GetManWoman]. Though [From.GetSubjectPronoun] managed to cut me, I have proven my innocence and that of my [GetFromFromFromFromRelation] [FromFromFromFrom.GetFirstName].;Le duel contre [FromFrom.GetTitledFirstNameNoRegnal] était rude, mais j'en suis sorti vainqueur. Bien qu'il soit parvenu à me blesser, j'ai prouvé mon innocence, et celle de m[FromFromFromFrom.GetHerHis] [GetFromFromFromFromRelation] [FromFromFromFrom.GetFirstName].;Das Duell mit [FromFrom.GetTitledFirstNameNoRegnal] war erbittert, aber am Ende zeigte sich, dass ich überlegen war. Obwohl [FromFrom.GetSubjectPronoun] mich verletzen konnte, habe ich meine Unschuld bewiesen und die meiner/s [GetFromFromFromFromRelation] [FromFromFromFrom.GetFirstName].;;El duelo con [FromFrom.GetTitledFirstNameNoRegnal] fue una lucha complicada, pero al final demostré ser mejor [Root.GetManWoman]. Aunque [FromFrom.GetSubjectPronoun] logró cortarme, he demostrado mi inocencia y lo de mi [GetFromFromFromFromRelation] [FromFromFromFrom.GetFirstName]. ;;;;;;;;;x,,,,,
EVTDESC_WOL_1039_MAIM;[From.GetTitledFirstNameNoRegnal] proved to be a formidable opponent. Though I won in the end, I lost three fingers and took several wounds in the process. I have proven my innocence and that of my [GetFromFromFromFromRelation] [FromFromFromFrom.GetFirstName]!;[FromFrom.GetTitledFirstNameNoRegnal] s'est avéré être un adversaire redoutable. Malgré ma victoire, j'ai perdu trois doigts et j'ai subi plusieurs blessures sur le torse. J'ai prouvé mon innocence, et celle de m[FromFromFromFrom.GetHerHis] [GetFromFromFromFromRelation] [FromFromFromFrom.GetFirstName] !;[FromFrom.GetTitledFirstNameNoRegnal] hat sich als starker Gegner entpuppt. Auch wenn ich letztlich siegreich war, wurde ich im Kampf mehrfach verwundet und verlor drei Finger. Ich habe meine Unschuld bewiesen und die meiner/s [GetFromFromFromFromRelation] [FromFromFromFrom.GetFirstName]!;;[FromFrom.GetTitledFirstNameNoRegnal] demostró para ser un oponente formidable. Aunque gané en el final, perdí tres dedos y recibí varias heridas en el proceso. He demostrado mi inocencia y lo de mi [GetFromFromFromFromRelation] [FromFromFromFrom.GetFirstName]. ;;;;;;;;;x,,,,,,,,,,
EVTDESC8345;The Imperial Capital is finally ours after a horrific siege. Entering the city we rode in the blood of the infidels up to the knees of our horses.;;;;;;;;;;;;;x
EVTOPTA8345;Heaven blesses us.;;;;;;;;;;;;;x
#Necrominicon,
EVTTITLE_WoL_6331;The Way of Peace;;;;;;;;;;;;;x
EVTDESC_WoL_6331;A strange old man approaches you out of nowhere. He speak at length about some mystical book that holds the key to life and death. He offers you the book for a significant sum.;;;;;;;;;;;;;x
EVTDESC_WoL_6336;Shortly after the death of your [GetFromRelation] [From.GetTitledFirstNameWithNick], you are brought a strange piece of news. It seems that [From.GetHerHis] library was raided, the only item stolen being a strange old book of unknown origins. Two servants who were in the library at the time were found dead, though witnesses refused to describe the state of the bodies.;;;;;;;;;;;;;x,,,,,,,,,,,"																																																			"
#Buddhist,
EVTDESC_SoA_200;A Buddhist exile, fleeing persecution elsewhere, has showed up at your court. His time spent abroad has gifted him with many connections, and by all accounts he is an able diplomat. He would make a fine chancellor.;;;;;;;;;;;;;x,,,,,,,,,,,
EVTOPTA_SoA_200;Indeed?;Vraiment ? ;Wirklich?;;¿De veras?;;;;;;;;;x,
EVTDESC_SoA_201;A learned Buddhist man has appeared at your court. He comes highly recommended in the arts of bookkeeping and administration. Already he has suggested several ways of improving the bureaucratic efficiency of the realm, and he could potentially make a fine steward.;;;;;;;;;;;;;x
EVTDESC_SoA_202;A mysterious Buddhist man has offered his services at your court. He is well-versed in feudal court intrigue and has a past as both a mercenary and a spy. If he can be trusted, he could very well prove to be an indispensable asset in your council...;;;;;;;;;;;;;x
